ISO-10303-21;
HEADER;
FILE_DESCRIPTION(('ViewDefinition [CoordinationView]'),'2;1');
FILE_NAME('pmc-steel.ifc','2026-08-01T12:00:00',('PieceMark'),('PieceMark'),'PieceMark IFC Export','PieceMark','');
FILE_SCHEMA(('IFC4'));
ENDSEC;
DATA;
#1=IFCCARTESIANPOINT((0.,0.,0.));
#2=IFCDIRECTION((1.,0.,0.));
#3=IFCDIRECTION((0.,1.,0.));
#4=IFCDIRECTION((0.,0.,1.));
#5=IFCAXIS2PLACEMENT3D(#1,#4,#2);
#6=IFCGEOMETRICREPRESENTATIONCONTEXT($,'Model',3,1.0000000000000001E-05,#5,$);
#7=IFCGEOMETRICREPRESENTATIONSUBCONTEXT('Body','Model',*,*,*,*,#6,$,.MODEL_VIEW.,$);
#8=IFCSIUNIT(*,.LENGTHUNIT.,$,.METRE.);
#9=IFCSIUNIT(*,.AREAUNIT.,$,.SQUARE_METRE.);
#10=IFCSIUNIT(*,.VOLUMEUNIT.,$,.CUBIC_METRE.);
#11=IFCSIUNIT(*,.PLANEANGLEUNIT.,$,.RADIAN.);
#12=IFCUNITASSIGNMENT((#8,#9,#10,#11));
#13=IFCORGANIZATION($,'Southwest Fabricators',$,$,$);
#14=IFCPERSON($,'PieceMark','Detailer',$,$,$,$,$);
#15=IFCPERSONANDORGANIZATION(#14,#13,$);
#16=IFCAPPLICATION(#13,'1.0','PieceMark','PieceMark');
#17=IFCOWNERHISTORY(#15,#16,$,.ADDED.,$,$,$,1710000000);
#18=IFCPROJECT('2O2Fr$t4X7swc$UQe$K$Qe',#17,'SE-24-1187 Phoenix Medical Center Steel','Structural steel erection model',$,$,$,(#6),#12);
#19=IFCCARTESIANPOINT((0.,0.,0.));
#20=IFCAXIS2PLACEMENT3D(#19,#4,#2);
#21=IFCLOCALPLACEMENT($,#20);
#22=IFCSITE('2O2Fr$t4X7swc$UQe$K$Site',#17,'PMC Site',$,$,#21,$,$,.ELEMENT.,(33.450000000000003),(-112.06999999999999),0.,$,$);
#23=IFCRELAGGREGATES('2O2Fr$t4X7swc$UQe$K$R1',#17,$,$,#18,(#22));
#24=IFCCARTESIANPOINT((0.,0.,0.));
#25=IFCAXIS2PLACEMENT3D(#24,#4,#2);
#26=IFCLOCALPLACEMENT(#21,#25);
#27=IFCBUILDING('2O2Fr$t4X7swc$UQe$K$Bld',#17,'PMC Tower',$,$,#26,$,$,.ELEMENT.,$,$,$);
#28=IFCRELAGGREGATES('2O2Fr$t4X7swc$UQe$K$R2',#17,$,$,#22,(#27));
#29=IFCCARTESIANPOINT((0.,0.,0.));
#30=IFCAXIS2PLACEMENT3D(#29,#4,#2);
#31=IFCLOCALPLACEMENT(#26,#30);
#32=IFCBUILDINGSTOREY('2O2Fr$t4X7swc$UQe$K$L0',#17,'Ground',$,$,#31,$,$,.ELEMENT.,0.);
#33=IFCCARTESIANPOINT((0.,0.,4.2000000000000002));
#34=IFCAXIS2PLACEMENT3D(#33,#4,#2);
#35=IFCLOCALPLACEMENT(#26,#34);
#36=IFCBUILDINGSTOREY('2O2Fr$t4X7swc$UQe$K$L1',#17,'Level 1',$,$,#35,$,$,.ELEMENT.,4.2000000000000002);
#37=IFCCARTESIANPOINT((0.,0.,8.4000000000000004));
#38=IFCAXIS2PLACEMENT3D(#37,#4,#2);
#39=IFCLOCALPLACEMENT(#26,#38);
#40=IFCBUILDINGSTOREY('2O2Fr$t4X7swc$UQe$K$L2',#17,'Level 2',$,$,#39,$,$,.ELEMENT.,8.4000000000000004);
#41=IFCCARTESIANPOINT((0.,0.,12.6));
#42=IFCAXIS2PLACEMENT3D(#41,#4,#2);
#43=IFCLOCALPLACEMENT(#26,#42);
#44=IFCBUILDINGSTOREY('2O2Fr$t4X7swc$UQe$K$L3',#17,'Level 3',$,$,#43,$,$,.ELEMENT.,12.6);
#45=IFCCARTESIANPOINT((0.,0.,16.800000000000001));
#46=IFCAXIS2PLACEMENT3D(#45,#4,#2);
#47=IFCLOCALPLACEMENT(#26,#46);
#48=IFCBUILDINGSTOREY('2O2Fr$t4X7swc$UQe$K$L4',#17,'Level 4',$,$,#47,$,$,.ELEMENT.,16.800000000000001);
#49=IFCRELAGGREGATES('2O2Fr$t4X7swc$UQe$K$R3',#17,$,$,#27,(#32,#36,#40,#44,#48));
#50=IFCMATERIAL('ASTM A992 Steel',$,$);
#51=IFCCARTESIANPOINT((-0.17999999999999999,-0.185));
#52=IFCCARTESIANPOINT((0.,0.));
#53=IFCDIRECTION((1.,0.));
#54=IFCAXIS2PLACEMENT2D(#52,#53);
#55=IFCRECTANGLEPROFILEDEF(.AREA.,$,#54,0.35999999999999999,0.37);
#56=IFCDIRECTION((0.,0.,1.));
#57=IFCCARTESIANPOINT((0.,0.,0.));
#58=IFCAXIS2PLACEMENT3D(#57,#4,#2);
#59=IFCEXTRUDEDAREASOLID(#55,#58,#56,3.9900000000000002);
#60=IFCCARTESIANPOINT((0.,0.,0.));
#61=IFCAXIS2PLACEMENT3D(#60,#4,#2);
#62=IFCLOCALPLACEMENT(#31,#61);
#63=IFCSHAPEREPRESENTATION(#7,'Body','SweptSolid',(#59));
#64=IFCPRODUCTDEFINITIONSHAPE($,$,(#63));
#65=IFCCOLUMN('2O2Fr$t4X7swc$UQeCOL000000000',#17,'Column C1','Structural steel member','W14X90',#62,#64,'C1');
#66=IFCRELCONTAINEDINSPATIALSTRUCTURE('2O2Fr$t4X7swc$UQeRCOL000',#17,$,$,(#65),#32);
#67=IFCRELASSOCIATESMATERIAL('2O2Fr$t4X7swc$UQeMCOL000',#17,$,$,(#65),#50);
#68=IFCCARTESIANPOINT((-0.17999999999999999,-0.185));
#69=IFCCARTESIANPOINT((0.,0.));
#70=IFCDIRECTION((1.,0.));
#71=IFCAXIS2PLACEMENT2D(#69,#70);
#72=IFCRECTANGLEPROFILEDEF(.AREA.,$,#71,0.35999999999999999,0.37);
#73=IFCDIRECTION((0.,0.,1.));
#74=IFCCARTESIANPOINT((0.,0.,0.));
#75=IFCAXIS2PLACEMENT3D(#74,#4,#2);
#76=IFCEXTRUDEDAREASOLID(#72,#75,#73,3.9900000000000002);
#77=IFCCARTESIANPOINT((0.,0.,0.));
#78=IFCAXIS2PLACEMENT3D(#77,#4,#2);
#79=IFCLOCALPLACEMENT(#35,#78);
#80=IFCSHAPEREPRESENTATION(#7,'Body','SweptSolid',(#76));
#81=IFCPRODUCTDEFINITIONSHAPE($,$,(#80));
#82=IFCCOLUMN('2O2Fr$t4X7swc$UQeCOL001000000',#17,'Column C11-L2','Structural steel member','W14X90',#79,#81,'C11-L2');
#83=IFCRELCONTAINEDINSPATIALSTRUCTURE('2O2Fr$t4X7swc$UQeRCOL001',#17,$,$,(#82),#36);
#84=IFCRELASSOCIATESMATERIAL('2O2Fr$t4X7swc$UQeMCOL001',#17,$,$,(#82),#50);
#85=IFCCARTESIANPOINT((-0.17999999999999999,-0.185));
#86=IFCCARTESIANPOINT((0.,0.));
#87=IFCDIRECTION((1.,0.));
#88=IFCAXIS2PLACEMENT2D(#86,#87);
#89=IFCRECTANGLEPROFILEDEF(.AREA.,$,#88,0.35999999999999999,0.37);
#90=IFCDIRECTION((0.,0.,1.));
#91=IFCCARTESIANPOINT((0.,0.,0.));
#92=IFCAXIS2PLACEMENT3D(#91,#4,#2);
#93=IFCEXTRUDEDAREASOLID(#89,#92,#90,3.9900000000000002);
#94=IFCCARTESIANPOINT((0.,0.,0.));
#95=IFCAXIS2PLACEMENT3D(#94,#4,#2);
#96=IFCLOCALPLACEMENT(#39,#95);
#97=IFCSHAPEREPRESENTATION(#7,'Body','SweptSolid',(#93));
#98=IFCPRODUCTDEFINITIONSHAPE($,$,(#97));
#99=IFCCOLUMN('2O2Fr$t4X7swc$UQeCOL002000000',#17,'Column C11-L3','Structural steel member','W14X90',#96,#98,'C11-L3');
#100=IFCRELCONTAINEDINSPATIALSTRUCTURE('2O2Fr$t4X7swc$UQeRCOL002',#17,$,$,(#99),#40);
#101=IFCRELASSOCIATESMATERIAL('2O2Fr$t4X7swc$UQeMCOL002',#17,$,$,(#99),#50);
#102=IFCCARTESIANPOINT((-0.17999999999999999,-0.185));
#103=IFCCARTESIANPOINT((0.,0.));
#104=IFCDIRECTION((1.,0.));
#105=IFCAXIS2PLACEMENT2D(#103,#104);
#106=IFCRECTANGLEPROFILEDEF(.AREA.,$,#105,0.35999999999999999,0.37);
#107=IFCDIRECTION((0.,0.,1.));
#108=IFCCARTESIANPOINT((0.,0.,0.));
#109=IFCAXIS2PLACEMENT3D(#108,#4,#2);
#110=IFCEXTRUDEDAREASOLID(#106,#109,#107,3.9900000000000002);
#111=IFCCARTESIANPOINT((0.,0.,0.));
#112=IFCAXIS2PLACEMENT3D(#111,#4,#2);
#113=IFCLOCALPLACEMENT(#43,#112);
#114=IFCSHAPEREPRESENTATION(#7,'Body','SweptSolid',(#110));
#115=IFCPRODUCTDEFINITIONSHAPE($,$,(#114));
#116=IFCCOLUMN('2O2Fr$t4X7swc$UQeCOL003000000',#17,'Column C11-L4','Structural steel member','W14X90',#113,#115,'C11-L4');
#117=IFCRELCONTAINEDINSPATIALSTRUCTURE('2O2Fr$t4X7swc$UQeRCOL003',#17,$,$,(#116),#44);
#118=IFCRELASSOCIATESMATERIAL('2O2Fr$t4X7swc$UQeMCOL003',#17,$,$,(#116),#50);
#119=IFCCARTESIANPOINT((-0.17999999999999999,-0.185));
#120=IFCCARTESIANPOINT((0.,0.));
#121=IFCDIRECTION((1.,0.));
#122=IFCAXIS2PLACEMENT2D(#120,#121);
#123=IFCRECTANGLEPROFILEDEF(.AREA.,$,#122,0.35999999999999999,0.37);
#124=IFCDIRECTION((0.,0.,1.));
#125=IFCCARTESIANPOINT((0.,0.,0.));
#126=IFCAXIS2PLACEMENT3D(#125,#4,#2);
#127=IFCEXTRUDEDAREASOLID(#123,#126,#124,3.9900000000000002);
#128=IFCCARTESIANPOINT((0.,8.,0.));
#129=IFCAXIS2PLACEMENT3D(#128,#4,#2);
#130=IFCLOCALPLACEMENT(#31,#129);
#131=IFCSHAPEREPRESENTATION(#7,'Body','SweptSolid',(#127));
#132=IFCPRODUCTDEFINITIONSHAPE($,$,(#131));
#133=IFCCOLUMN('2O2Fr$t4X7swc$UQeCOL010000000',#17,'Column C12-L1','Structural steel member','W14X90',#130,#132,'C12-L1');
#134=IFCRELCONTAINEDINSPATIALSTRUCTURE('2O2Fr$t4X7swc$UQeRCOL010',#17,$,$,(#133),#32);
#135=IFCRELASSOCIATESMATERIAL('2O2Fr$t4X7swc$UQeMCOL010',#17,$,$,(#133),#50);
#136=IFCCARTESIANPOINT((-0.17999999999999999,-0.185));
#137=IFCCARTESIANPOINT((0.,0.));
#138=IFCDIRECTION((1.,0.));
#139=IFCAXIS2PLACEMENT2D(#137,#138);
#140=IFCRECTANGLEPROFILEDEF(.AREA.,$,#139,0.35999999999999999,0.37);
#141=IFCDIRECTION((0.,0.,1.));
#142=IFCCARTESIANPOINT((0.,0.,0.));
#143=IFCAXIS2PLACEMENT3D(#142,#4,#2);
#144=IFCEXTRUDEDAREASOLID(#140,#143,#141,3.9900000000000002);
#145=IFCCARTESIANPOINT((0.,8.,0.));
#146=IFCAXIS2PLACEMENT3D(#145,#4,#2);
#147=IFCLOCALPLACEMENT(#35,#146);
#148=IFCSHAPEREPRESENTATION(#7,'Body','SweptSolid',(#144));
#149=IFCPRODUCTDEFINITIONSHAPE($,$,(#148));
#150=IFCCOLUMN('2O2Fr$t4X7swc$UQeCOL011000000',#17,'Column C12-L2','Structural steel member','W14X90',#147,#149,'C12-L2');
#151=IFCRELCONTAINEDINSPATIALSTRUCTURE('2O2Fr$t4X7swc$UQeRCOL011',#17,$,$,(#150),#36);
#152=IFCRELASSOCIATESMATERIAL('2O2Fr$t4X7swc$UQeMCOL011',#17,$,$,(#150),#50);
#153=IFCCARTESIANPOINT((-0.17999999999999999,-0.185));
#154=IFCCARTESIANPOINT((0.,0.));
#155=IFCDIRECTION((1.,0.));
#156=IFCAXIS2PLACEMENT2D(#154,#155);
#157=IFCRECTANGLEPROFILEDEF(.AREA.,$,#156,0.35999999999999999,0.37);
#158=IFCDIRECTION((0.,0.,1.));
#159=IFCCARTESIANPOINT((0.,0.,0.));
#160=IFCAXIS2PLACEMENT3D(#159,#4,#2);
#161=IFCEXTRUDEDAREASOLID(#157,#160,#158,3.9900000000000002);
#162=IFCCARTESIANPOINT((0.,8.,0.));
#163=IFCAXIS2PLACEMENT3D(#162,#4,#2);
#164=IFCLOCALPLACEMENT(#39,#163);
#165=IFCSHAPEREPRESENTATION(#7,'Body','SweptSolid',(#161));
#166=IFCPRODUCTDEFINITIONSHAPE($,$,(#165));
#167=IFCCOLUMN('2O2Fr$t4X7swc$UQeCOL012000000',#17,'Column C12-L3','Structural steel member','W14X90',#164,#166,'C12-L3');
#168=IFCRELCONTAINEDINSPATIALSTRUCTURE('2O2Fr$t4X7swc$UQeRCOL012',#17,$,$,(#167),#40);
#169=IFCRELASSOCIATESMATERIAL('2O2Fr$t4X7swc$UQeMCOL012',#17,$,$,(#167),#50);
#170=IFCCARTESIANPOINT((-0.17999999999999999,-0.185));
#171=IFCCARTESIANPOINT((0.,0.));
#172=IFCDIRECTION((1.,0.));
#173=IFCAXIS2PLACEMENT2D(#171,#172);
#174=IFCRECTANGLEPROFILEDEF(.AREA.,$,#173,0.35999999999999999,0.37);
#175=IFCDIRECTION((0.,0.,1.));
#176=IFCCARTESIANPOINT((0.,0.,0.));
#177=IFCAXIS2PLACEMENT3D(#176,#4,#2);
#178=IFCEXTRUDEDAREASOLID(#174,#177,#175,3.9900000000000002);
#179=IFCCARTESIANPOINT((0.,8.,0.));
#180=IFCAXIS2PLACEMENT3D(#179,#4,#2);
#181=IFCLOCALPLACEMENT(#43,#180);
#182=IFCSHAPEREPRESENTATION(#7,'Body','SweptSolid',(#178));
#183=IFCPRODUCTDEFINITIONSHAPE($,$,(#182));
#184=IFCCOLUMN('2O2Fr$t4X7swc$UQeCOL013000000',#17,'Column C12-L4','Structural steel member','W14X90',#181,#183,'C12-L4');
#185=IFCRELCONTAINEDINSPATIALSTRUCTURE('2O2Fr$t4X7swc$UQeRCOL013',#17,$,$,(#184),#44);
#186=IFCRELASSOCIATESMATERIAL('2O2Fr$t4X7swc$UQeMCOL013',#17,$,$,(#184),#50);
#187=IFCCARTESIANPOINT((-0.17999999999999999,-0.185));
#188=IFCCARTESIANPOINT((0.,0.));
#189=IFCDIRECTION((1.,0.));
#190=IFCAXIS2PLACEMENT2D(#188,#189);
#191=IFCRECTANGLEPROFILEDEF(.AREA.,$,#190,0.35999999999999999,0.37);
#192=IFCDIRECTION((0.,0.,1.));
#193=IFCCARTESIANPOINT((0.,0.,0.));
#194=IFCAXIS2PLACEMENT3D(#193,#4,#2);
#195=IFCEXTRUDEDAREASOLID(#191,#194,#192,3.9900000000000002);
#196=IFCCARTESIANPOINT((0.,16.,0.));
#197=IFCAXIS2PLACEMENT3D(#196,#4,#2);
#198=IFCLOCALPLACEMENT(#31,#197);
#199=IFCSHAPEREPRESENTATION(#7,'Body','SweptSolid',(#195));
#200=IFCPRODUCTDEFINITIONSHAPE($,$,(#199));
#201=IFCCOLUMN('2O2Fr$t4X7swc$UQeCOL020000000',#17,'Column C13-L1','Structural steel member','W14X90',#198,#200,'C13-L1');
#202=IFCRELCONTAINEDINSPATIALSTRUCTURE('2O2Fr$t4X7swc$UQeRCOL020',#17,$,$,(#201),#32);
#203=IFCRELASSOCIATESMATERIAL('2O2Fr$t4X7swc$UQeMCOL020',#17,$,$,(#201),#50);
#204=IFCCARTESIANPOINT((-0.17999999999999999,-0.185));
#205=IFCCARTESIANPOINT((0.,0.));
#206=IFCDIRECTION((1.,0.));
#207=IFCAXIS2PLACEMENT2D(#205,#206);
#208=IFCRECTANGLEPROFILEDEF(.AREA.,$,#207,0.35999999999999999,0.37);
#209=IFCDIRECTION((0.,0.,1.));
#210=IFCCARTESIANPOINT((0.,0.,0.));
#211=IFCAXIS2PLACEMENT3D(#210,#4,#2);
#212=IFCEXTRUDEDAREASOLID(#208,#211,#209,3.9900000000000002);
#213=IFCCARTESIANPOINT((0.,16.,0.));
#214=IFCAXIS2PLACEMENT3D(#213,#4,#2);
#215=IFCLOCALPLACEMENT(#35,#214);
#216=IFCSHAPEREPRESENTATION(#7,'Body','SweptSolid',(#212));
#217=IFCPRODUCTDEFINITIONSHAPE($,$,(#216));
#218=IFCCOLUMN('2O2Fr$t4X7swc$UQeCOL021000000',#17,'Column C13-L2','Structural steel member','W14X90',#215,#217,'C13-L2');
#219=IFCRELCONTAINEDINSPATIALSTRUCTURE('2O2Fr$t4X7swc$UQeRCOL021',#17,$,$,(#218),#36);
#220=IFCRELASSOCIATESMATERIAL('2O2Fr$t4X7swc$UQeMCOL021',#17,$,$,(#218),#50);
#221=IFCCARTESIANPOINT((-0.17999999999999999,-0.185));
#222=IFCCARTESIANPOINT((0.,0.));
#223=IFCDIRECTION((1.,0.));
#224=IFCAXIS2PLACEMENT2D(#222,#223);
#225=IFCRECTANGLEPROFILEDEF(.AREA.,$,#224,0.35999999999999999,0.37);
#226=IFCDIRECTION((0.,0.,1.));
#227=IFCCARTESIANPOINT((0.,0.,0.));
#228=IFCAXIS2PLACEMENT3D(#227,#4,#2);
#229=IFCEXTRUDEDAREASOLID(#225,#228,#226,3.9900000000000002);
#230=IFCCARTESIANPOINT((0.,16.,0.));
#231=IFCAXIS2PLACEMENT3D(#230,#4,#2);
#232=IFCLOCALPLACEMENT(#39,#231);
#233=IFCSHAPEREPRESENTATION(#7,'Body','SweptSolid',(#229));
#234=IFCPRODUCTDEFINITIONSHAPE($,$,(#233));
#235=IFCCOLUMN('2O2Fr$t4X7swc$UQeCOL022000000',#17,'Column C13-L3','Structural steel member','W14X90',#232,#234,'C13-L3');
#236=IFCRELCONTAINEDINSPATIALSTRUCTURE('2O2Fr$t4X7swc$UQeRCOL022',#17,$,$,(#235),#40);
#237=IFCRELASSOCIATESMATERIAL('2O2Fr$t4X7swc$UQeMCOL022',#17,$,$,(#235),#50);
#238=IFCCARTESIANPOINT((-0.17999999999999999,-0.185));
#239=IFCCARTESIANPOINT((0.,0.));
#240=IFCDIRECTION((1.,0.));
#241=IFCAXIS2PLACEMENT2D(#239,#240);
#242=IFCRECTANGLEPROFILEDEF(.AREA.,$,#241,0.35999999999999999,0.37);
#243=IFCDIRECTION((0.,0.,1.));
#244=IFCCARTESIANPOINT((0.,0.,0.));
#245=IFCAXIS2PLACEMENT3D(#244,#4,#2);
#246=IFCEXTRUDEDAREASOLID(#242,#245,#243,3.9900000000000002);
#247=IFCCARTESIANPOINT((0.,16.,0.));
#248=IFCAXIS2PLACEMENT3D(#247,#4,#2);
#249=IFCLOCALPLACEMENT(#43,#248);
#250=IFCSHAPEREPRESENTATION(#7,'Body','SweptSolid',(#246));
#251=IFCPRODUCTDEFINITIONSHAPE($,$,(#250));
#252=IFCCOLUMN('2O2Fr$t4X7swc$UQeCOL023000000',#17,'Column C13-L4','Structural steel member','W14X90',#249,#251,'C13-L4');
#253=IFCRELCONTAINEDINSPATIALSTRUCTURE('2O2Fr$t4X7swc$UQeRCOL023',#17,$,$,(#252),#44);
#254=IFCRELASSOCIATESMATERIAL('2O2Fr$t4X7swc$UQeMCOL023',#17,$,$,(#252),#50);
#255=IFCCARTESIANPOINT((-0.17999999999999999,-0.185));
#256=IFCCARTESIANPOINT((0.,0.));
#257=IFCDIRECTION((1.,0.));
#258=IFCAXIS2PLACEMENT2D(#256,#257);
#259=IFCRECTANGLEPROFILEDEF(.AREA.,$,#258,0.35999999999999999,0.37);
#260=IFCDIRECTION((0.,0.,1.));
#261=IFCCARTESIANPOINT((0.,0.,0.));
#262=IFCAXIS2PLACEMENT3D(#261,#4,#2);
#263=IFCEXTRUDEDAREASOLID(#259,#262,#260,3.9900000000000002);
#264=IFCCARTESIANPOINT((0.,24.,0.));
#265=IFCAXIS2PLACEMENT3D(#264,#4,#2);
#266=IFCLOCALPLACEMENT(#31,#265);
#267=IFCSHAPEREPRESENTATION(#7,'Body','SweptSolid',(#263));
#268=IFCPRODUCTDEFINITIONSHAPE($,$,(#267));
#269=IFCCOLUMN('2O2Fr$t4X7swc$UQeCOL030000000',#17,'Column C14-L1','Structural steel member','W14X90',#266,#268,'C14-L1');
#270=IFCRELCONTAINEDINSPATIALSTRUCTURE('2O2Fr$t4X7swc$UQeRCOL030',#17,$,$,(#269),#32);
#271=IFCRELASSOCIATESMATERIAL('2O2Fr$t4X7swc$UQeMCOL030',#17,$,$,(#269),#50);
#272=IFCCARTESIANPOINT((-0.17999999999999999,-0.185));
#273=IFCCARTESIANPOINT((0.,0.));
#274=IFCDIRECTION((1.,0.));
#275=IFCAXIS2PLACEMENT2D(#273,#274);
#276=IFCRECTANGLEPROFILEDEF(.AREA.,$,#275,0.35999999999999999,0.37);
#277=IFCDIRECTION((0.,0.,1.));
#278=IFCCARTESIANPOINT((0.,0.,0.));
#279=IFCAXIS2PLACEMENT3D(#278,#4,#2);
#280=IFCEXTRUDEDAREASOLID(#276,#279,#277,3.9900000000000002);
#281=IFCCARTESIANPOINT((0.,24.,0.));
#282=IFCAXIS2PLACEMENT3D(#281,#4,#2);
#283=IFCLOCALPLACEMENT(#35,#282);
#284=IFCSHAPEREPRESENTATION(#7,'Body','SweptSolid',(#280));
#285=IFCPRODUCTDEFINITIONSHAPE($,$,(#284));
#286=IFCCOLUMN('2O2Fr$t4X7swc$UQeCOL031000000',#17,'Column C14-L2','Structural steel member','W14X90',#283,#285,'C14-L2');
#287=IFCRELCONTAINEDINSPATIALSTRUCTURE('2O2Fr$t4X7swc$UQeRCOL031',#17,$,$,(#286),#36);
#288=IFCRELASSOCIATESMATERIAL('2O2Fr$t4X7swc$UQeMCOL031',#17,$,$,(#286),#50);
#289=IFCCARTESIANPOINT((-0.17999999999999999,-0.185));
#290=IFCCARTESIANPOINT((0.,0.));
#291=IFCDIRECTION((1.,0.));
#292=IFCAXIS2PLACEMENT2D(#290,#291);
#293=IFCRECTANGLEPROFILEDEF(.AREA.,$,#292,0.35999999999999999,0.37);
#294=IFCDIRECTION((0.,0.,1.));
#295=IFCCARTESIANPOINT((0.,0.,0.));
#296=IFCAXIS2PLACEMENT3D(#295,#4,#2);
#297=IFCEXTRUDEDAREASOLID(#293,#296,#294,3.9900000000000002);
#298=IFCCARTESIANPOINT((0.,24.,0.));
#299=IFCAXIS2PLACEMENT3D(#298,#4,#2);
#300=IFCLOCALPLACEMENT(#39,#299);
#301=IFCSHAPEREPRESENTATION(#7,'Body','SweptSolid',(#297));
#302=IFCPRODUCTDEFINITIONSHAPE($,$,(#301));
#303=IFCCOLUMN('2O2Fr$t4X7swc$UQeCOL032000000',#17,'Column C14-L3','Structural steel member','W14X90',#300,#302,'C14-L3');
#304=IFCRELCONTAINEDINSPATIALSTRUCTURE('2O2Fr$t4X7swc$UQeRCOL032',#17,$,$,(#303),#40);
#305=IFCRELASSOCIATESMATERIAL('2O2Fr$t4X7swc$UQeMCOL032',#17,$,$,(#303),#50);
#306=IFCCARTESIANPOINT((-0.17999999999999999,-0.185));
#307=IFCCARTESIANPOINT((0.,0.));
#308=IFCDIRECTION((1.,0.));
#309=IFCAXIS2PLACEMENT2D(#307,#308);
#310=IFCRECTANGLEPROFILEDEF(.AREA.,$,#309,0.35999999999999999,0.37);
#311=IFCDIRECTION((0.,0.,1.));
#312=IFCCARTESIANPOINT((0.,0.,0.));
#313=IFCAXIS2PLACEMENT3D(#312,#4,#2);
#314=IFCEXTRUDEDAREASOLID(#310,#313,#311,3.9900000000000002);
#315=IFCCARTESIANPOINT((0.,24.,0.));
#316=IFCAXIS2PLACEMENT3D(#315,#4,#2);
#317=IFCLOCALPLACEMENT(#43,#316);
#318=IFCSHAPEREPRESENTATION(#7,'Body','SweptSolid',(#314));
#319=IFCPRODUCTDEFINITIONSHAPE($,$,(#318));
#320=IFCCOLUMN('2O2Fr$t4X7swc$UQeCOL033000000',#17,'Column C14-L4','Structural steel member','W14X90',#317,#319,'C14-L4');
#321=IFCRELCONTAINEDINSPATIALSTRUCTURE('2O2Fr$t4X7swc$UQeRCOL033',#17,$,$,(#320),#44);
#322=IFCRELASSOCIATESMATERIAL('2O2Fr$t4X7swc$UQeMCOL033',#17,$,$,(#320),#50);
#323=IFCCARTESIANPOINT((-0.17999999999999999,-0.185));
#324=IFCCARTESIANPOINT((0.,0.));
#325=IFCDIRECTION((1.,0.));
#326=IFCAXIS2PLACEMENT2D(#324,#325);
#327=IFCRECTANGLEPROFILEDEF(.AREA.,$,#326,0.35999999999999999,0.37);
#328=IFCDIRECTION((0.,0.,1.));
#329=IFCCARTESIANPOINT((0.,0.,0.));
#330=IFCAXIS2PLACEMENT3D(#329,#4,#2);
#331=IFCEXTRUDEDAREASOLID(#327,#330,#328,3.9900000000000002);
#332=IFCCARTESIANPOINT((8.,0.,0.));
#333=IFCAXIS2PLACEMENT3D(#332,#4,#2);
#334=IFCLOCALPLACEMENT(#31,#333);
#335=IFCSHAPEREPRESENTATION(#7,'Body','SweptSolid',(#331));
#336=IFCPRODUCTDEFINITIONSHAPE($,$,(#335));
#337=IFCCOLUMN('2O2Fr$t4X7swc$UQeCOL100000000',#17,'Column C2','Structural steel member','W14X90',#334,#336,'C2');
#338=IFCRELCONTAINEDINSPATIALSTRUCTURE('2O2Fr$t4X7swc$UQeRCOL100',#17,$,$,(#337),#32);
#339=IFCRELASSOCIATESMATERIAL('2O2Fr$t4X7swc$UQeMCOL100',#17,$,$,(#337),#50);
#340=IFCCARTESIANPOINT((-0.17999999999999999,-0.185));
#341=IFCCARTESIANPOINT((0.,0.));
#342=IFCDIRECTION((1.,0.));
#343=IFCAXIS2PLACEMENT2D(#341,#342);
#344=IFCRECTANGLEPROFILEDEF(.AREA.,$,#343,0.35999999999999999,0.37);
#345=IFCDIRECTION((0.,0.,1.));
#346=IFCCARTESIANPOINT((0.,0.,0.));
#347=IFCAXIS2PLACEMENT3D(#346,#4,#2);
#348=IFCEXTRUDEDAREASOLID(#344,#347,#345,3.9900000000000002);
#349=IFCCARTESIANPOINT((8.,0.,0.));
#350=IFCAXIS2PLACEMENT3D(#349,#4,#2);
#351=IFCLOCALPLACEMENT(#35,#350);
#352=IFCSHAPEREPRESENTATION(#7,'Body','SweptSolid',(#348));
#353=IFCPRODUCTDEFINITIONSHAPE($,$,(#352));
#354=IFCCOLUMN('2O2Fr$t4X7swc$UQeCOL101000000',#17,'Column C21-L2','Structural steel member','W14X90',#351,#353,'C21-L2');
#355=IFCRELCONTAINEDINSPATIALSTRUCTURE('2O2Fr$t4X7swc$UQeRCOL101',#17,$,$,(#354),#36);
#356=IFCRELASSOCIATESMATERIAL('2O2Fr$t4X7swc$UQeMCOL101',#17,$,$,(#354),#50);
#357=IFCCARTESIANPOINT((-0.17999999999999999,-0.185));
#358=IFCCARTESIANPOINT((0.,0.));
#359=IFCDIRECTION((1.,0.));
#360=IFCAXIS2PLACEMENT2D(#358,#359);
#361=IFCRECTANGLEPROFILEDEF(.AREA.,$,#360,0.35999999999999999,0.37);
#362=IFCDIRECTION((0.,0.,1.));
#363=IFCCARTESIANPOINT((0.,0.,0.));
#364=IFCAXIS2PLACEMENT3D(#363,#4,#2);
#365=IFCEXTRUDEDAREASOLID(#361,#364,#362,3.9900000000000002);
#366=IFCCARTESIANPOINT((8.,0.,0.));
#367=IFCAXIS2PLACEMENT3D(#366,#4,#2);
#368=IFCLOCALPLACEMENT(#39,#367);
#369=IFCSHAPEREPRESENTATION(#7,'Body','SweptSolid',(#365));
#370=IFCPRODUCTDEFINITIONSHAPE($,$,(#369));
#371=IFCCOLUMN('2O2Fr$t4X7swc$UQeCOL102000000',#17,'Column C21-L3','Structural steel member','W14X90',#368,#370,'C21-L3');
#372=IFCRELCONTAINEDINSPATIALSTRUCTURE('2O2Fr$t4X7swc$UQeRCOL102',#17,$,$,(#371),#40);
#373=IFCRELASSOCIATESMATERIAL('2O2Fr$t4X7swc$UQeMCOL102',#17,$,$,(#371),#50);
#374=IFCCARTESIANPOINT((-0.17999999999999999,-0.185));
#375=IFCCARTESIANPOINT((0.,0.));
#376=IFCDIRECTION((1.,0.));
#377=IFCAXIS2PLACEMENT2D(#375,#376);
#378=IFCRECTANGLEPROFILEDEF(.AREA.,$,#377,0.35999999999999999,0.37);
#379=IFCDIRECTION((0.,0.,1.));
#380=IFCCARTESIANPOINT((0.,0.,0.));
#381=IFCAXIS2PLACEMENT3D(#380,#4,#2);
#382=IFCEXTRUDEDAREASOLID(#378,#381,#379,3.9900000000000002);
#383=IFCCARTESIANPOINT((8.,0.,0.));
#384=IFCAXIS2PLACEMENT3D(#383,#4,#2);
#385=IFCLOCALPLACEMENT(#43,#384);
#386=IFCSHAPEREPRESENTATION(#7,'Body','SweptSolid',(#382));
#387=IFCPRODUCTDEFINITIONSHAPE($,$,(#386));
#388=IFCCOLUMN('2O2Fr$t4X7swc$UQeCOL103000000',#17,'Column C21-L4','Structural steel member','W14X90',#385,#387,'C21-L4');
#389=IFCRELCONTAINEDINSPATIALSTRUCTURE('2O2Fr$t4X7swc$UQeRCOL103',#17,$,$,(#388),#44);
#390=IFCRELASSOCIATESMATERIAL('2O2Fr$t4X7swc$UQeMCOL103',#17,$,$,(#388),#50);
#391=IFCCARTESIANPOINT((-0.17999999999999999,-0.185));
#392=IFCCARTESIANPOINT((0.,0.));
#393=IFCDIRECTION((1.,0.));
#394=IFCAXIS2PLACEMENT2D(#392,#393);
#395=IFCRECTANGLEPROFILEDEF(.AREA.,$,#394,0.35999999999999999,0.37);
#396=IFCDIRECTION((0.,0.,1.));
#397=IFCCARTESIANPOINT((0.,0.,0.));
#398=IFCAXIS2PLACEMENT3D(#397,#4,#2);
#399=IFCEXTRUDEDAREASOLID(#395,#398,#396,3.9900000000000002);
#400=IFCCARTESIANPOINT((8.,8.,0.));
#401=IFCAXIS2PLACEMENT3D(#400,#4,#2);
#402=IFCLOCALPLACEMENT(#31,#401);
#403=IFCSHAPEREPRESENTATION(#7,'Body','SweptSolid',(#399));
#404=IFCPRODUCTDEFINITIONSHAPE($,$,(#403));
#405=IFCCOLUMN('2O2Fr$t4X7swc$UQeCOL110000000',#17,'Column C22-L1','Structural steel member','W14X90',#402,#404,'C22-L1');
#406=IFCRELCONTAINEDINSPATIALSTRUCTURE('2O2Fr$t4X7swc$UQeRCOL110',#17,$,$,(#405),#32);
#407=IFCRELASSOCIATESMATERIAL('2O2Fr$t4X7swc$UQeMCOL110',#17,$,$,(#405),#50);
#408=IFCCARTESIANPOINT((-0.17999999999999999,-0.185));
#409=IFCCARTESIANPOINT((0.,0.));
#410=IFCDIRECTION((1.,0.));
#411=IFCAXIS2PLACEMENT2D(#409,#410);
#412=IFCRECTANGLEPROFILEDEF(.AREA.,$,#411,0.35999999999999999,0.37);
#413=IFCDIRECTION((0.,0.,1.));
#414=IFCCARTESIANPOINT((0.,0.,0.));
#415=IFCAXIS2PLACEMENT3D(#414,#4,#2);
#416=IFCEXTRUDEDAREASOLID(#412,#415,#413,3.9900000000000002);
#417=IFCCARTESIANPOINT((8.,8.,0.));
#418=IFCAXIS2PLACEMENT3D(#417,#4,#2);
#419=IFCLOCALPLACEMENT(#35,#418);
#420=IFCSHAPEREPRESENTATION(#7,'Body','SweptSolid',(#416));
#421=IFCPRODUCTDEFINITIONSHAPE($,$,(#420));
#422=IFCCOLUMN('2O2Fr$t4X7swc$UQeCOL111000000',#17,'Column C22-L2','Structural steel member','W14X90',#419,#421,'C22-L2');
#423=IFCRELCONTAINEDINSPATIALSTRUCTURE('2O2Fr$t4X7swc$UQeRCOL111',#17,$,$,(#422),#36);
#424=IFCRELASSOCIATESMATERIAL('2O2Fr$t4X7swc$UQeMCOL111',#17,$,$,(#422),#50);
#425=IFCCARTESIANPOINT((-0.17999999999999999,-0.185));
#426=IFCCARTESIANPOINT((0.,0.));
#427=IFCDIRECTION((1.,0.));
#428=IFCAXIS2PLACEMENT2D(#426,#427);
#429=IFCRECTANGLEPROFILEDEF(.AREA.,$,#428,0.35999999999999999,0.37);
#430=IFCDIRECTION((0.,0.,1.));
#431=IFCCARTESIANPOINT((0.,0.,0.));
#432=IFCAXIS2PLACEMENT3D(#431,#4,#2);
#433=IFCEXTRUDEDAREASOLID(#429,#432,#430,3.9900000000000002);
#434=IFCCARTESIANPOINT((8.,8.,0.));
#435=IFCAXIS2PLACEMENT3D(#434,#4,#2);
#436=IFCLOCALPLACEMENT(#39,#435);
#437=IFCSHAPEREPRESENTATION(#7,'Body','SweptSolid',(#433));
#438=IFCPRODUCTDEFINITIONSHAPE($,$,(#437));
#439=IFCCOLUMN('2O2Fr$t4X7swc$UQeCOL112000000',#17,'Column C22-L3','Structural steel member','W14X90',#436,#438,'C22-L3');
#440=IFCRELCONTAINEDINSPATIALSTRUCTURE('2O2Fr$t4X7swc$UQeRCOL112',#17,$,$,(#439),#40);
#441=IFCRELASSOCIATESMATERIAL('2O2Fr$t4X7swc$UQeMCOL112',#17,$,$,(#439),#50);
#442=IFCCARTESIANPOINT((-0.17999999999999999,-0.185));
#443=IFCCARTESIANPOINT((0.,0.));
#444=IFCDIRECTION((1.,0.));
#445=IFCAXIS2PLACEMENT2D(#443,#444);
#446=IFCRECTANGLEPROFILEDEF(.AREA.,$,#445,0.35999999999999999,0.37);
#447=IFCDIRECTION((0.,0.,1.));
#448=IFCCARTESIANPOINT((0.,0.,0.));
#449=IFCAXIS2PLACEMENT3D(#448,#4,#2);
#450=IFCEXTRUDEDAREASOLID(#446,#449,#447,3.9900000000000002);
#451=IFCCARTESIANPOINT((8.,8.,0.));
#452=IFCAXIS2PLACEMENT3D(#451,#4,#2);
#453=IFCLOCALPLACEMENT(#43,#452);
#454=IFCSHAPEREPRESENTATION(#7,'Body','SweptSolid',(#450));
#455=IFCPRODUCTDEFINITIONSHAPE($,$,(#454));
#456=IFCCOLUMN('2O2Fr$t4X7swc$UQeCOL113000000',#17,'Column C22-L4','Structural steel member','W14X90',#453,#455,'C22-L4');
#457=IFCRELCONTAINEDINSPATIALSTRUCTURE('2O2Fr$t4X7swc$UQeRCOL113',#17,$,$,(#456),#44);
#458=IFCRELASSOCIATESMATERIAL('2O2Fr$t4X7swc$UQeMCOL113',#17,$,$,(#456),#50);
#459=IFCCARTESIANPOINT((-0.17999999999999999,-0.185));
#460=IFCCARTESIANPOINT((0.,0.));
#461=IFCDIRECTION((1.,0.));
#462=IFCAXIS2PLACEMENT2D(#460,#461);
#463=IFCRECTANGLEPROFILEDEF(.AREA.,$,#462,0.35999999999999999,0.37);
#464=IFCDIRECTION((0.,0.,1.));
#465=IFCCARTESIANPOINT((0.,0.,0.));
#466=IFCAXIS2PLACEMENT3D(#465,#4,#2);
#467=IFCEXTRUDEDAREASOLID(#463,#466,#464,3.9900000000000002);
#468=IFCCARTESIANPOINT((8.,16.,0.));
#469=IFCAXIS2PLACEMENT3D(#468,#4,#2);
#470=IFCLOCALPLACEMENT(#31,#469);
#471=IFCSHAPEREPRESENTATION(#7,'Body','SweptSolid',(#467));
#472=IFCPRODUCTDEFINITIONSHAPE($,$,(#471));
#473=IFCCOLUMN('2O2Fr$t4X7swc$UQeCOL120000000',#17,'Column C23-L1','Structural steel member','W14X90',#470,#472,'C23-L1');
#474=IFCRELCONTAINEDINSPATIALSTRUCTURE('2O2Fr$t4X7swc$UQeRCOL120',#17,$,$,(#473),#32);
#475=IFCRELASSOCIATESMATERIAL('2O2Fr$t4X7swc$UQeMCOL120',#17,$,$,(#473),#50);
#476=IFCCARTESIANPOINT((-0.17999999999999999,-0.185));
#477=IFCCARTESIANPOINT((0.,0.));
#478=IFCDIRECTION((1.,0.));
#479=IFCAXIS2PLACEMENT2D(#477,#478);
#480=IFCRECTANGLEPROFILEDEF(.AREA.,$,#479,0.35999999999999999,0.37);
#481=IFCDIRECTION((0.,0.,1.));
#482=IFCCARTESIANPOINT((0.,0.,0.));
#483=IFCAXIS2PLACEMENT3D(#482,#4,#2);
#484=IFCEXTRUDEDAREASOLID(#480,#483,#481,3.9900000000000002);
#485=IFCCARTESIANPOINT((8.,16.,0.));
#486=IFCAXIS2PLACEMENT3D(#485,#4,#2);
#487=IFCLOCALPLACEMENT(#35,#486);
#488=IFCSHAPEREPRESENTATION(#7,'Body','SweptSolid',(#484));
#489=IFCPRODUCTDEFINITIONSHAPE($,$,(#488));
#490=IFCCOLUMN('2O2Fr$t4X7swc$UQeCOL121000000',#17,'Column C23-L2','Structural steel member','W14X90',#487,#489,'C23-L2');
#491=IFCRELCONTAINEDINSPATIALSTRUCTURE('2O2Fr$t4X7swc$UQeRCOL121',#17,$,$,(#490),#36);
#492=IFCRELASSOCIATESMATERIAL('2O2Fr$t4X7swc$UQeMCOL121',#17,$,$,(#490),#50);
#493=IFCCARTESIANPOINT((-0.17999999999999999,-0.185));
#494=IFCCARTESIANPOINT((0.,0.));
#495=IFCDIRECTION((1.,0.));
#496=IFCAXIS2PLACEMENT2D(#494,#495);
#497=IFCRECTANGLEPROFILEDEF(.AREA.,$,#496,0.35999999999999999,0.37);
#498=IFCDIRECTION((0.,0.,1.));
#499=IFCCARTESIANPOINT((0.,0.,0.));
#500=IFCAXIS2PLACEMENT3D(#499,#4,#2);
#501=IFCEXTRUDEDAREASOLID(#497,#500,#498,3.9900000000000002);
#502=IFCCARTESIANPOINT((8.,16.,0.));
#503=IFCAXIS2PLACEMENT3D(#502,#4,#2);
#504=IFCLOCALPLACEMENT(#39,#503);
#505=IFCSHAPEREPRESENTATION(#7,'Body','SweptSolid',(#501));
#506=IFCPRODUCTDEFINITIONSHAPE($,$,(#505));
#507=IFCCOLUMN('2O2Fr$t4X7swc$UQeCOL122000000',#17,'Column C23-L3','Structural steel member','W14X90',#504,#506,'C23-L3');
#508=IFCRELCONTAINEDINSPATIALSTRUCTURE('2O2Fr$t4X7swc$UQeRCOL122',#17,$,$,(#507),#40);
#509=IFCRELASSOCIATESMATERIAL('2O2Fr$t4X7swc$UQeMCOL122',#17,$,$,(#507),#50);
#510=IFCCARTESIANPOINT((-0.17999999999999999,-0.185));
#511=IFCCARTESIANPOINT((0.,0.));
#512=IFCDIRECTION((1.,0.));
#513=IFCAXIS2PLACEMENT2D(#511,#512);
#514=IFCRECTANGLEPROFILEDEF(.AREA.,$,#513,0.35999999999999999,0.37);
#515=IFCDIRECTION((0.,0.,1.));
#516=IFCCARTESIANPOINT((0.,0.,0.));
#517=IFCAXIS2PLACEMENT3D(#516,#4,#2);
#518=IFCEXTRUDEDAREASOLID(#514,#517,#515,3.9900000000000002);
#519=IFCCARTESIANPOINT((8.,16.,0.));
#520=IFCAXIS2PLACEMENT3D(#519,#4,#2);
#521=IFCLOCALPLACEMENT(#43,#520);
#522=IFCSHAPEREPRESENTATION(#7,'Body','SweptSolid',(#518));
#523=IFCPRODUCTDEFINITIONSHAPE($,$,(#522));
#524=IFCCOLUMN('2O2Fr$t4X7swc$UQeCOL123000000',#17,'Column C23-L4','Structural steel member','W14X90',#521,#523,'C23-L4');
#525=IFCRELCONTAINEDINSPATIALSTRUCTURE('2O2Fr$t4X7swc$UQeRCOL123',#17,$,$,(#524),#44);
#526=IFCRELASSOCIATESMATERIAL('2O2Fr$t4X7swc$UQeMCOL123',#17,$,$,(#524),#50);
#527=IFCCARTESIANPOINT((-0.17999999999999999,-0.185));
#528=IFCCARTESIANPOINT((0.,0.));
#529=IFCDIRECTION((1.,0.));
#530=IFCAXIS2PLACEMENT2D(#528,#529);
#531=IFCRECTANGLEPROFILEDEF(.AREA.,$,#530,0.35999999999999999,0.37);
#532=IFCDIRECTION((0.,0.,1.));
#533=IFCCARTESIANPOINT((0.,0.,0.));
#534=IFCAXIS2PLACEMENT3D(#533,#4,#2);
#535=IFCEXTRUDEDAREASOLID(#531,#534,#532,3.9900000000000002);
#536=IFCCARTESIANPOINT((8.,24.,0.));
#537=IFCAXIS2PLACEMENT3D(#536,#4,#2);
#538=IFCLOCALPLACEMENT(#31,#537);
#539=IFCSHAPEREPRESENTATION(#7,'Body','SweptSolid',(#535));
#540=IFCPRODUCTDEFINITIONSHAPE($,$,(#539));
#541=IFCCOLUMN('2O2Fr$t4X7swc$UQeCOL130000000',#17,'Column C24-L1','Structural steel member','W14X90',#538,#540,'C24-L1');
#542=IFCRELCONTAINEDINSPATIALSTRUCTURE('2O2Fr$t4X7swc$UQeRCOL130',#17,$,$,(#541),#32);
#543=IFCRELASSOCIATESMATERIAL('2O2Fr$t4X7swc$UQeMCOL130',#17,$,$,(#541),#50);
#544=IFCCARTESIANPOINT((-0.17999999999999999,-0.185));
#545=IFCCARTESIANPOINT((0.,0.));
#546=IFCDIRECTION((1.,0.));
#547=IFCAXIS2PLACEMENT2D(#545,#546);
#548=IFCRECTANGLEPROFILEDEF(.AREA.,$,#547,0.35999999999999999,0.37);
#549=IFCDIRECTION((0.,0.,1.));
#550=IFCCARTESIANPOINT((0.,0.,0.));
#551=IFCAXIS2PLACEMENT3D(#550,#4,#2);
#552=IFCEXTRUDEDAREASOLID(#548,#551,#549,3.9900000000000002);
#553=IFCCARTESIANPOINT((8.,24.,0.));
#554=IFCAXIS2PLACEMENT3D(#553,#4,#2);
#555=IFCLOCALPLACEMENT(#35,#554);
#556=IFCSHAPEREPRESENTATION(#7,'Body','SweptSolid',(#552));
#557=IFCPRODUCTDEFINITIONSHAPE($,$,(#556));
#558=IFCCOLUMN('2O2Fr$t4X7swc$UQeCOL131000000',#17,'Column C24-L2','Structural steel member','W14X90',#555,#557,'C24-L2');
#559=IFCRELCONTAINEDINSPATIALSTRUCTURE('2O2Fr$t4X7swc$UQeRCOL131',#17,$,$,(#558),#36);
#560=IFCRELASSOCIATESMATERIAL('2O2Fr$t4X7swc$UQeMCOL131',#17,$,$,(#558),#50);
#561=IFCCARTESIANPOINT((-0.17999999999999999,-0.185));
#562=IFCCARTESIANPOINT((0.,0.));
#563=IFCDIRECTION((1.,0.));
#564=IFCAXIS2PLACEMENT2D(#562,#563);
#565=IFCRECTANGLEPROFILEDEF(.AREA.,$,#564,0.35999999999999999,0.37);
#566=IFCDIRECTION((0.,0.,1.));
#567=IFCCARTESIANPOINT((0.,0.,0.));
#568=IFCAXIS2PLACEMENT3D(#567,#4,#2);
#569=IFCEXTRUDEDAREASOLID(#565,#568,#566,3.9900000000000002);
#570=IFCCARTESIANPOINT((8.,24.,0.));
#571=IFCAXIS2PLACEMENT3D(#570,#4,#2);
#572=IFCLOCALPLACEMENT(#39,#571);
#573=IFCSHAPEREPRESENTATION(#7,'Body','SweptSolid',(#569));
#574=IFCPRODUCTDEFINITIONSHAPE($,$,(#573));
#575=IFCCOLUMN('2O2Fr$t4X7swc$UQeCOL132000000',#17,'Column C24-L3','Structural steel member','W14X90',#572,#574,'C24-L3');
#576=IFCRELCONTAINEDINSPATIALSTRUCTURE('2O2Fr$t4X7swc$UQeRCOL132',#17,$,$,(#575),#40);
#577=IFCRELASSOCIATESMATERIAL('2O2Fr$t4X7swc$UQeMCOL132',#17,$,$,(#575),#50);
#578=IFCCARTESIANPOINT((-0.17999999999999999,-0.185));
#579=IFCCARTESIANPOINT((0.,0.));
#580=IFCDIRECTION((1.,0.));
#581=IFCAXIS2PLACEMENT2D(#579,#580);
#582=IFCRECTANGLEPROFILEDEF(.AREA.,$,#581,0.35999999999999999,0.37);
#583=IFCDIRECTION((0.,0.,1.));
#584=IFCCARTESIANPOINT((0.,0.,0.));
#585=IFCAXIS2PLACEMENT3D(#584,#4,#2);
#586=IFCEXTRUDEDAREASOLID(#582,#585,#583,3.9900000000000002);
#587=IFCCARTESIANPOINT((8.,24.,0.));
#588=IFCAXIS2PLACEMENT3D(#587,#4,#2);
#589=IFCLOCALPLACEMENT(#43,#588);
#590=IFCSHAPEREPRESENTATION(#7,'Body','SweptSolid',(#586));
#591=IFCPRODUCTDEFINITIONSHAPE($,$,(#590));
#592=IFCCOLUMN('2O2Fr$t4X7swc$UQeCOL133000000',#17,'Column C24-L4','Structural steel member','W14X90',#589,#591,'C24-L4');
#593=IFCRELCONTAINEDINSPATIALSTRUCTURE('2O2Fr$t4X7swc$UQeRCOL133',#17,$,$,(#592),#44);
#594=IFCRELASSOCIATESMATERIAL('2O2Fr$t4X7swc$UQeMCOL133',#17,$,$,(#592),#50);
#595=IFCCARTESIANPOINT((-0.17999999999999999,-0.185));
#596=IFCCARTESIANPOINT((0.,0.));
#597=IFCDIRECTION((1.,0.));
#598=IFCAXIS2PLACEMENT2D(#596,#597);
#599=IFCRECTANGLEPROFILEDEF(.AREA.,$,#598,0.35999999999999999,0.37);
#600=IFCDIRECTION((0.,0.,1.));
#601=IFCCARTESIANPOINT((0.,0.,0.));
#602=IFCAXIS2PLACEMENT3D(#601,#4,#2);
#603=IFCEXTRUDEDAREASOLID(#599,#602,#600,3.9900000000000002);
#604=IFCCARTESIANPOINT((16.,0.,0.));
#605=IFCAXIS2PLACEMENT3D(#604,#4,#2);
#606=IFCLOCALPLACEMENT(#31,#605);
#607=IFCSHAPEREPRESENTATION(#7,'Body','SweptSolid',(#603));
#608=IFCPRODUCTDEFINITIONSHAPE($,$,(#607));
#609=IFCCOLUMN('2O2Fr$t4X7swc$UQeCOL200000000',#17,'Column C3','Structural steel member','W14X90',#606,#608,'C3');
#610=IFCRELCONTAINEDINSPATIALSTRUCTURE('2O2Fr$t4X7swc$UQeRCOL200',#17,$,$,(#609),#32);
#611=IFCRELASSOCIATESMATERIAL('2O2Fr$t4X7swc$UQeMCOL200',#17,$,$,(#609),#50);
#612=IFCCARTESIANPOINT((-0.17999999999999999,-0.185));
#613=IFCCARTESIANPOINT((0.,0.));
#614=IFCDIRECTION((1.,0.));
#615=IFCAXIS2PLACEMENT2D(#613,#614);
#616=IFCRECTANGLEPROFILEDEF(.AREA.,$,#615,0.35999999999999999,0.37);
#617=IFCDIRECTION((0.,0.,1.));
#618=IFCCARTESIANPOINT((0.,0.,0.));
#619=IFCAXIS2PLACEMENT3D(#618,#4,#2);
#620=IFCEXTRUDEDAREASOLID(#616,#619,#617,3.9900000000000002);
#621=IFCCARTESIANPOINT((16.,0.,0.));
#622=IFCAXIS2PLACEMENT3D(#621,#4,#2);
#623=IFCLOCALPLACEMENT(#35,#622);
#624=IFCSHAPEREPRESENTATION(#7,'Body','SweptSolid',(#620));
#625=IFCPRODUCTDEFINITIONSHAPE($,$,(#624));
#626=IFCCOLUMN('2O2Fr$t4X7swc$UQeCOL201000000',#17,'Column C31-L2','Structural steel member','W14X90',#623,#625,'C31-L2');
#627=IFCRELCONTAINEDINSPATIALSTRUCTURE('2O2Fr$t4X7swc$UQeRCOL201',#17,$,$,(#626),#36);
#628=IFCRELASSOCIATESMATERIAL('2O2Fr$t4X7swc$UQeMCOL201',#17,$,$,(#626),#50);
#629=IFCCARTESIANPOINT((-0.17999999999999999,-0.185));
#630=IFCCARTESIANPOINT((0.,0.));
#631=IFCDIRECTION((1.,0.));
#632=IFCAXIS2PLACEMENT2D(#630,#631);
#633=IFCRECTANGLEPROFILEDEF(.AREA.,$,#632,0.35999999999999999,0.37);
#634=IFCDIRECTION((0.,0.,1.));
#635=IFCCARTESIANPOINT((0.,0.,0.));
#636=IFCAXIS2PLACEMENT3D(#635,#4,#2);
#637=IFCEXTRUDEDAREASOLID(#633,#636,#634,3.9900000000000002);
#638=IFCCARTESIANPOINT((16.,0.,0.));
#639=IFCAXIS2PLACEMENT3D(#638,#4,#2);
#640=IFCLOCALPLACEMENT(#39,#639);
#641=IFCSHAPEREPRESENTATION(#7,'Body','SweptSolid',(#637));
#642=IFCPRODUCTDEFINITIONSHAPE($,$,(#641));
#643=IFCCOLUMN('2O2Fr$t4X7swc$UQeCOL202000000',#17,'Column C31-L3','Structural steel member','W14X90',#640,#642,'C31-L3');
#644=IFCRELCONTAINEDINSPATIALSTRUCTURE('2O2Fr$t4X7swc$UQeRCOL202',#17,$,$,(#643),#40);
#645=IFCRELASSOCIATESMATERIAL('2O2Fr$t4X7swc$UQeMCOL202',#17,$,$,(#643),#50);
#646=IFCCARTESIANPOINT((-0.17999999999999999,-0.185));
#647=IFCCARTESIANPOINT((0.,0.));
#648=IFCDIRECTION((1.,0.));
#649=IFCAXIS2PLACEMENT2D(#647,#648);
#650=IFCRECTANGLEPROFILEDEF(.AREA.,$,#649,0.35999999999999999,0.37);
#651=IFCDIRECTION((0.,0.,1.));
#652=IFCCARTESIANPOINT((0.,0.,0.));
#653=IFCAXIS2PLACEMENT3D(#652,#4,#2);
#654=IFCEXTRUDEDAREASOLID(#650,#653,#651,3.9900000000000002);
#655=IFCCARTESIANPOINT((16.,0.,0.));
#656=IFCAXIS2PLACEMENT3D(#655,#4,#2);
#657=IFCLOCALPLACEMENT(#43,#656);
#658=IFCSHAPEREPRESENTATION(#7,'Body','SweptSolid',(#654));
#659=IFCPRODUCTDEFINITIONSHAPE($,$,(#658));
#660=IFCCOLUMN('2O2Fr$t4X7swc$UQeCOL203000000',#17,'Column C31-L4','Structural steel member','W14X90',#657,#659,'C31-L4');
#661=IFCRELCONTAINEDINSPATIALSTRUCTURE('2O2Fr$t4X7swc$UQeRCOL203',#17,$,$,(#660),#44);
#662=IFCRELASSOCIATESMATERIAL('2O2Fr$t4X7swc$UQeMCOL203',#17,$,$,(#660),#50);
#663=IFCCARTESIANPOINT((-0.17999999999999999,-0.185));
#664=IFCCARTESIANPOINT((0.,0.));
#665=IFCDIRECTION((1.,0.));
#666=IFCAXIS2PLACEMENT2D(#664,#665);
#667=IFCRECTANGLEPROFILEDEF(.AREA.,$,#666,0.35999999999999999,0.37);
#668=IFCDIRECTION((0.,0.,1.));
#669=IFCCARTESIANPOINT((0.,0.,0.));
#670=IFCAXIS2PLACEMENT3D(#669,#4,#2);
#671=IFCEXTRUDEDAREASOLID(#667,#670,#668,3.9900000000000002);
#672=IFCCARTESIANPOINT((16.,8.,0.));
#673=IFCAXIS2PLACEMENT3D(#672,#4,#2);
#674=IFCLOCALPLACEMENT(#31,#673);
#675=IFCSHAPEREPRESENTATION(#7,'Body','SweptSolid',(#671));
#676=IFCPRODUCTDEFINITIONSHAPE($,$,(#675));
#677=IFCCOLUMN('2O2Fr$t4X7swc$UQeCOL210000000',#17,'Column C32-L1','Structural steel member','W14X90',#674,#676,'C32-L1');
#678=IFCRELCONTAINEDINSPATIALSTRUCTURE('2O2Fr$t4X7swc$UQeRCOL210',#17,$,$,(#677),#32);
#679=IFCRELASSOCIATESMATERIAL('2O2Fr$t4X7swc$UQeMCOL210',#17,$,$,(#677),#50);
#680=IFCCARTESIANPOINT((-0.17999999999999999,-0.185));
#681=IFCCARTESIANPOINT((0.,0.));
#682=IFCDIRECTION((1.,0.));
#683=IFCAXIS2PLACEMENT2D(#681,#682);
#684=IFCRECTANGLEPROFILEDEF(.AREA.,$,#683,0.35999999999999999,0.37);
#685=IFCDIRECTION((0.,0.,1.));
#686=IFCCARTESIANPOINT((0.,0.,0.));
#687=IFCAXIS2PLACEMENT3D(#686,#4,#2);
#688=IFCEXTRUDEDAREASOLID(#684,#687,#685,3.9900000000000002);
#689=IFCCARTESIANPOINT((16.,8.,0.));
#690=IFCAXIS2PLACEMENT3D(#689,#4,#2);
#691=IFCLOCALPLACEMENT(#35,#690);
#692=IFCSHAPEREPRESENTATION(#7,'Body','SweptSolid',(#688));
#693=IFCPRODUCTDEFINITIONSHAPE($,$,(#692));
#694=IFCCOLUMN('2O2Fr$t4X7swc$UQeCOL211000000',#17,'Column C32-L2','Structural steel member','W14X90',#691,#693,'C32-L2');
#695=IFCRELCONTAINEDINSPATIALSTRUCTURE('2O2Fr$t4X7swc$UQeRCOL211',#17,$,$,(#694),#36);
#696=IFCRELASSOCIATESMATERIAL('2O2Fr$t4X7swc$UQeMCOL211',#17,$,$,(#694),#50);
#697=IFCCARTESIANPOINT((-0.17999999999999999,-0.185));
#698=IFCCARTESIANPOINT((0.,0.));
#699=IFCDIRECTION((1.,0.));
#700=IFCAXIS2PLACEMENT2D(#698,#699);
#701=IFCRECTANGLEPROFILEDEF(.AREA.,$,#700,0.35999999999999999,0.37);
#702=IFCDIRECTION((0.,0.,1.));
#703=IFCCARTESIANPOINT((0.,0.,0.));
#704=IFCAXIS2PLACEMENT3D(#703,#4,#2);
#705=IFCEXTRUDEDAREASOLID(#701,#704,#702,3.9900000000000002);
#706=IFCCARTESIANPOINT((16.,8.,0.));
#707=IFCAXIS2PLACEMENT3D(#706,#4,#2);
#708=IFCLOCALPLACEMENT(#39,#707);
#709=IFCSHAPEREPRESENTATION(#7,'Body','SweptSolid',(#705));
#710=IFCPRODUCTDEFINITIONSHAPE($,$,(#709));
#711=IFCCOLUMN('2O2Fr$t4X7swc$UQeCOL212000000',#17,'Column C32-L3','Structural steel member','W14X90',#708,#710,'C32-L3');
#712=IFCRELCONTAINEDINSPATIALSTRUCTURE('2O2Fr$t4X7swc$UQeRCOL212',#17,$,$,(#711),#40);
#713=IFCRELASSOCIATESMATERIAL('2O2Fr$t4X7swc$UQeMCOL212',#17,$,$,(#711),#50);
#714=IFCCARTESIANPOINT((-0.17999999999999999,-0.185));
#715=IFCCARTESIANPOINT((0.,0.));
#716=IFCDIRECTION((1.,0.));
#717=IFCAXIS2PLACEMENT2D(#715,#716);
#718=IFCRECTANGLEPROFILEDEF(.AREA.,$,#717,0.35999999999999999,0.37);
#719=IFCDIRECTION((0.,0.,1.));
#720=IFCCARTESIANPOINT((0.,0.,0.));
#721=IFCAXIS2PLACEMENT3D(#720,#4,#2);
#722=IFCEXTRUDEDAREASOLID(#718,#721,#719,3.9900000000000002);
#723=IFCCARTESIANPOINT((16.,8.,0.));
#724=IFCAXIS2PLACEMENT3D(#723,#4,#2);
#725=IFCLOCALPLACEMENT(#43,#724);
#726=IFCSHAPEREPRESENTATION(#7,'Body','SweptSolid',(#722));
#727=IFCPRODUCTDEFINITIONSHAPE($,$,(#726));
#728=IFCCOLUMN('2O2Fr$t4X7swc$UQeCOL213000000',#17,'Column C32-L4','Structural steel member','W14X90',#725,#727,'C32-L4');
#729=IFCRELCONTAINEDINSPATIALSTRUCTURE('2O2Fr$t4X7swc$UQeRCOL213',#17,$,$,(#728),#44);
#730=IFCRELASSOCIATESMATERIAL('2O2Fr$t4X7swc$UQeMCOL213',#17,$,$,(#728),#50);
#731=IFCCARTESIANPOINT((-0.17999999999999999,-0.185));
#732=IFCCARTESIANPOINT((0.,0.));
#733=IFCDIRECTION((1.,0.));
#734=IFCAXIS2PLACEMENT2D(#732,#733);
#735=IFCRECTANGLEPROFILEDEF(.AREA.,$,#734,0.35999999999999999,0.37);
#736=IFCDIRECTION((0.,0.,1.));
#737=IFCCARTESIANPOINT((0.,0.,0.));
#738=IFCAXIS2PLACEMENT3D(#737,#4,#2);
#739=IFCEXTRUDEDAREASOLID(#735,#738,#736,3.9900000000000002);
#740=IFCCARTESIANPOINT((16.,16.,0.));
#741=IFCAXIS2PLACEMENT3D(#740,#4,#2);
#742=IFCLOCALPLACEMENT(#31,#741);
#743=IFCSHAPEREPRESENTATION(#7,'Body','SweptSolid',(#739));
#744=IFCPRODUCTDEFINITIONSHAPE($,$,(#743));
#745=IFCCOLUMN('2O2Fr$t4X7swc$UQeCOL220000000',#17,'Column C33-L1','Structural steel member','W14X90',#742,#744,'C33-L1');
#746=IFCRELCONTAINEDINSPATIALSTRUCTURE('2O2Fr$t4X7swc$UQeRCOL220',#17,$,$,(#745),#32);
#747=IFCRELASSOCIATESMATERIAL('2O2Fr$t4X7swc$UQeMCOL220',#17,$,$,(#745),#50);
#748=IFCCARTESIANPOINT((-0.17999999999999999,-0.185));
#749=IFCCARTESIANPOINT((0.,0.));
#750=IFCDIRECTION((1.,0.));
#751=IFCAXIS2PLACEMENT2D(#749,#750);
#752=IFCRECTANGLEPROFILEDEF(.AREA.,$,#751,0.35999999999999999,0.37);
#753=IFCDIRECTION((0.,0.,1.));
#754=IFCCARTESIANPOINT((0.,0.,0.));
#755=IFCAXIS2PLACEMENT3D(#754,#4,#2);
#756=IFCEXTRUDEDAREASOLID(#752,#755,#753,3.9900000000000002);
#757=IFCCARTESIANPOINT((16.,16.,0.));
#758=IFCAXIS2PLACEMENT3D(#757,#4,#2);
#759=IFCLOCALPLACEMENT(#35,#758);
#760=IFCSHAPEREPRESENTATION(#7,'Body','SweptSolid',(#756));
#761=IFCPRODUCTDEFINITIONSHAPE($,$,(#760));
#762=IFCCOLUMN('2O2Fr$t4X7swc$UQeCOL221000000',#17,'Column C33-L2','Structural steel member','W14X90',#759,#761,'C33-L2');
#763=IFCRELCONTAINEDINSPATIALSTRUCTURE('2O2Fr$t4X7swc$UQeRCOL221',#17,$,$,(#762),#36);
#764=IFCRELASSOCIATESMATERIAL('2O2Fr$t4X7swc$UQeMCOL221',#17,$,$,(#762),#50);
#765=IFCCARTESIANPOINT((-0.17999999999999999,-0.185));
#766=IFCCARTESIANPOINT((0.,0.));
#767=IFCDIRECTION((1.,0.));
#768=IFCAXIS2PLACEMENT2D(#766,#767);
#769=IFCRECTANGLEPROFILEDEF(.AREA.,$,#768,0.35999999999999999,0.37);
#770=IFCDIRECTION((0.,0.,1.));
#771=IFCCARTESIANPOINT((0.,0.,0.));
#772=IFCAXIS2PLACEMENT3D(#771,#4,#2);
#773=IFCEXTRUDEDAREASOLID(#769,#772,#770,3.9900000000000002);
#774=IFCCARTESIANPOINT((16.,16.,0.));
#775=IFCAXIS2PLACEMENT3D(#774,#4,#2);
#776=IFCLOCALPLACEMENT(#39,#775);
#777=IFCSHAPEREPRESENTATION(#7,'Body','SweptSolid',(#773));
#778=IFCPRODUCTDEFINITIONSHAPE($,$,(#777));
#779=IFCCOLUMN('2O2Fr$t4X7swc$UQeCOL222000000',#17,'Column C33-L3','Structural steel member','W14X90',#776,#778,'C33-L3');
#780=IFCRELCONTAINEDINSPATIALSTRUCTURE('2O2Fr$t4X7swc$UQeRCOL222',#17,$,$,(#779),#40);
#781=IFCRELASSOCIATESMATERIAL('2O2Fr$t4X7swc$UQeMCOL222',#17,$,$,(#779),#50);
#782=IFCCARTESIANPOINT((-0.17999999999999999,-0.185));
#783=IFCCARTESIANPOINT((0.,0.));
#784=IFCDIRECTION((1.,0.));
#785=IFCAXIS2PLACEMENT2D(#783,#784);
#786=IFCRECTANGLEPROFILEDEF(.AREA.,$,#785,0.35999999999999999,0.37);
#787=IFCDIRECTION((0.,0.,1.));
#788=IFCCARTESIANPOINT((0.,0.,0.));
#789=IFCAXIS2PLACEMENT3D(#788,#4,#2);
#790=IFCEXTRUDEDAREASOLID(#786,#789,#787,3.9900000000000002);
#791=IFCCARTESIANPOINT((16.,16.,0.));
#792=IFCAXIS2PLACEMENT3D(#791,#4,#2);
#793=IFCLOCALPLACEMENT(#43,#792);
#794=IFCSHAPEREPRESENTATION(#7,'Body','SweptSolid',(#790));
#795=IFCPRODUCTDEFINITIONSHAPE($,$,(#794));
#796=IFCCOLUMN('2O2Fr$t4X7swc$UQeCOL223000000',#17,'Column C33-L4','Structural steel member','W14X90',#793,#795,'C33-L4');
#797=IFCRELCONTAINEDINSPATIALSTRUCTURE('2O2Fr$t4X7swc$UQeRCOL223',#17,$,$,(#796),#44);
#798=IFCRELASSOCIATESMATERIAL('2O2Fr$t4X7swc$UQeMCOL223',#17,$,$,(#796),#50);
#799=IFCCARTESIANPOINT((-0.17999999999999999,-0.185));
#800=IFCCARTESIANPOINT((0.,0.));
#801=IFCDIRECTION((1.,0.));
#802=IFCAXIS2PLACEMENT2D(#800,#801);
#803=IFCRECTANGLEPROFILEDEF(.AREA.,$,#802,0.35999999999999999,0.37);
#804=IFCDIRECTION((0.,0.,1.));
#805=IFCCARTESIANPOINT((0.,0.,0.));
#806=IFCAXIS2PLACEMENT3D(#805,#4,#2);
#807=IFCEXTRUDEDAREASOLID(#803,#806,#804,3.9900000000000002);
#808=IFCCARTESIANPOINT((16.,24.,0.));
#809=IFCAXIS2PLACEMENT3D(#808,#4,#2);
#810=IFCLOCALPLACEMENT(#31,#809);
#811=IFCSHAPEREPRESENTATION(#7,'Body','SweptSolid',(#807));
#812=IFCPRODUCTDEFINITIONSHAPE($,$,(#811));
#813=IFCCOLUMN('2O2Fr$t4X7swc$UQeCOL230000000',#17,'Column C34-L1','Structural steel member','W14X90',#810,#812,'C34-L1');
#814=IFCRELCONTAINEDINSPATIALSTRUCTURE('2O2Fr$t4X7swc$UQeRCOL230',#17,$,$,(#813),#32);
#815=IFCRELASSOCIATESMATERIAL('2O2Fr$t4X7swc$UQeMCOL230',#17,$,$,(#813),#50);
#816=IFCCARTESIANPOINT((-0.17999999999999999,-0.185));
#817=IFCCARTESIANPOINT((0.,0.));
#818=IFCDIRECTION((1.,0.));
#819=IFCAXIS2PLACEMENT2D(#817,#818);
#820=IFCRECTANGLEPROFILEDEF(.AREA.,$,#819,0.35999999999999999,0.37);
#821=IFCDIRECTION((0.,0.,1.));
#822=IFCCARTESIANPOINT((0.,0.,0.));
#823=IFCAXIS2PLACEMENT3D(#822,#4,#2);
#824=IFCEXTRUDEDAREASOLID(#820,#823,#821,3.9900000000000002);
#825=IFCCARTESIANPOINT((16.,24.,0.));
#826=IFCAXIS2PLACEMENT3D(#825,#4,#2);
#827=IFCLOCALPLACEMENT(#35,#826);
#828=IFCSHAPEREPRESENTATION(#7,'Body','SweptSolid',(#824));
#829=IFCPRODUCTDEFINITIONSHAPE($,$,(#828));
#830=IFCCOLUMN('2O2Fr$t4X7swc$UQeCOL231000000',#17,'Column C34-L2','Structural steel member','W14X90',#827,#829,'C34-L2');
#831=IFCRELCONTAINEDINSPATIALSTRUCTURE('2O2Fr$t4X7swc$UQeRCOL231',#17,$,$,(#830),#36);
#832=IFCRELASSOCIATESMATERIAL('2O2Fr$t4X7swc$UQeMCOL231',#17,$,$,(#830),#50);
#833=IFCCARTESIANPOINT((-0.17999999999999999,-0.185));
#834=IFCCARTESIANPOINT((0.,0.));
#835=IFCDIRECTION((1.,0.));
#836=IFCAXIS2PLACEMENT2D(#834,#835);
#837=IFCRECTANGLEPROFILEDEF(.AREA.,$,#836,0.35999999999999999,0.37);
#838=IFCDIRECTION((0.,0.,1.));
#839=IFCCARTESIANPOINT((0.,0.,0.));
#840=IFCAXIS2PLACEMENT3D(#839,#4,#2);
#841=IFCEXTRUDEDAREASOLID(#837,#840,#838,3.9900000000000002);
#842=IFCCARTESIANPOINT((16.,24.,0.));
#843=IFCAXIS2PLACEMENT3D(#842,#4,#2);
#844=IFCLOCALPLACEMENT(#39,#843);
#845=IFCSHAPEREPRESENTATION(#7,'Body','SweptSolid',(#841));
#846=IFCPRODUCTDEFINITIONSHAPE($,$,(#845));
#847=IFCCOLUMN('2O2Fr$t4X7swc$UQeCOL232000000',#17,'Column C34-L3','Structural steel member','W14X90',#844,#846,'C34-L3');
#848=IFCRELCONTAINEDINSPATIALSTRUCTURE('2O2Fr$t4X7swc$UQeRCOL232',#17,$,$,(#847),#40);
#849=IFCRELASSOCIATESMATERIAL('2O2Fr$t4X7swc$UQeMCOL232',#17,$,$,(#847),#50);
#850=IFCCARTESIANPOINT((-0.17999999999999999,-0.185));
#851=IFCCARTESIANPOINT((0.,0.));
#852=IFCDIRECTION((1.,0.));
#853=IFCAXIS2PLACEMENT2D(#851,#852);
#854=IFCRECTANGLEPROFILEDEF(.AREA.,$,#853,0.35999999999999999,0.37);
#855=IFCDIRECTION((0.,0.,1.));
#856=IFCCARTESIANPOINT((0.,0.,0.));
#857=IFCAXIS2PLACEMENT3D(#856,#4,#2);
#858=IFCEXTRUDEDAREASOLID(#854,#857,#855,3.9900000000000002);
#859=IFCCARTESIANPOINT((16.,24.,0.));
#860=IFCAXIS2PLACEMENT3D(#859,#4,#2);
#861=IFCLOCALPLACEMENT(#43,#860);
#862=IFCSHAPEREPRESENTATION(#7,'Body','SweptSolid',(#858));
#863=IFCPRODUCTDEFINITIONSHAPE($,$,(#862));
#864=IFCCOLUMN('2O2Fr$t4X7swc$UQeCOL233000000',#17,'Column C34-L4','Structural steel member','W14X90',#861,#863,'C34-L4');
#865=IFCRELCONTAINEDINSPATIALSTRUCTURE('2O2Fr$t4X7swc$UQeRCOL233',#17,$,$,(#864),#44);
#866=IFCRELASSOCIATESMATERIAL('2O2Fr$t4X7swc$UQeMCOL233',#17,$,$,(#864),#50);
#867=IFCCARTESIANPOINT((-0.17999999999999999,-0.185));
#868=IFCCARTESIANPOINT((0.,0.));
#869=IFCDIRECTION((1.,0.));
#870=IFCAXIS2PLACEMENT2D(#868,#869);
#871=IFCRECTANGLEPROFILEDEF(.AREA.,$,#870,0.35999999999999999,0.37);
#872=IFCDIRECTION((0.,0.,1.));
#873=IFCCARTESIANPOINT((0.,0.,0.));
#874=IFCAXIS2PLACEMENT3D(#873,#4,#2);
#875=IFCEXTRUDEDAREASOLID(#871,#874,#872,3.9900000000000002);
#876=IFCCARTESIANPOINT((24.,0.,0.));
#877=IFCAXIS2PLACEMENT3D(#876,#4,#2);
#878=IFCLOCALPLACEMENT(#31,#877);
#879=IFCSHAPEREPRESENTATION(#7,'Body','SweptSolid',(#875));
#880=IFCPRODUCTDEFINITIONSHAPE($,$,(#879));
#881=IFCCOLUMN('2O2Fr$t4X7swc$UQeCOL300000000',#17,'Column C41-L1','Structural steel member','W14X90',#878,#880,'C41-L1');
#882=IFCRELCONTAINEDINSPATIALSTRUCTURE('2O2Fr$t4X7swc$UQeRCOL300',#17,$,$,(#881),#32);
#883=IFCRELASSOCIATESMATERIAL('2O2Fr$t4X7swc$UQeMCOL300',#17,$,$,(#881),#50);
#884=IFCCARTESIANPOINT((-0.17999999999999999,-0.185));
#885=IFCCARTESIANPOINT((0.,0.));
#886=IFCDIRECTION((1.,0.));
#887=IFCAXIS2PLACEMENT2D(#885,#886);
#888=IFCRECTANGLEPROFILEDEF(.AREA.,$,#887,0.35999999999999999,0.37);
#889=IFCDIRECTION((0.,0.,1.));
#890=IFCCARTESIANPOINT((0.,0.,0.));
#891=IFCAXIS2PLACEMENT3D(#890,#4,#2);
#892=IFCEXTRUDEDAREASOLID(#888,#891,#889,3.9900000000000002);
#893=IFCCARTESIANPOINT((24.,0.,0.));
#894=IFCAXIS2PLACEMENT3D(#893,#4,#2);
#895=IFCLOCALPLACEMENT(#35,#894);
#896=IFCSHAPEREPRESENTATION(#7,'Body','SweptSolid',(#892));
#897=IFCPRODUCTDEFINITIONSHAPE($,$,(#896));
#898=IFCCOLUMN('2O2Fr$t4X7swc$UQeCOL301000000',#17,'Column C41-L2','Structural steel member','W14X90',#895,#897,'C41-L2');
#899=IFCRELCONTAINEDINSPATIALSTRUCTURE('2O2Fr$t4X7swc$UQeRCOL301',#17,$,$,(#898),#36);
#900=IFCRELASSOCIATESMATERIAL('2O2Fr$t4X7swc$UQeMCOL301',#17,$,$,(#898),#50);
#901=IFCCARTESIANPOINT((-0.17999999999999999,-0.185));
#902=IFCCARTESIANPOINT((0.,0.));
#903=IFCDIRECTION((1.,0.));
#904=IFCAXIS2PLACEMENT2D(#902,#903);
#905=IFCRECTANGLEPROFILEDEF(.AREA.,$,#904,0.35999999999999999,0.37);
#906=IFCDIRECTION((0.,0.,1.));
#907=IFCCARTESIANPOINT((0.,0.,0.));
#908=IFCAXIS2PLACEMENT3D(#907,#4,#2);
#909=IFCEXTRUDEDAREASOLID(#905,#908,#906,3.9900000000000002);
#910=IFCCARTESIANPOINT((24.,0.,0.));
#911=IFCAXIS2PLACEMENT3D(#910,#4,#2);
#912=IFCLOCALPLACEMENT(#39,#911);
#913=IFCSHAPEREPRESENTATION(#7,'Body','SweptSolid',(#909));
#914=IFCPRODUCTDEFINITIONSHAPE($,$,(#913));
#915=IFCCOLUMN('2O2Fr$t4X7swc$UQeCOL302000000',#17,'Column C41-L3','Structural steel member','W14X90',#912,#914,'C41-L3');
#916=IFCRELCONTAINEDINSPATIALSTRUCTURE('2O2Fr$t4X7swc$UQeRCOL302',#17,$,$,(#915),#40);
#917=IFCRELASSOCIATESMATERIAL('2O2Fr$t4X7swc$UQeMCOL302',#17,$,$,(#915),#50);
#918=IFCCARTESIANPOINT((-0.17999999999999999,-0.185));
#919=IFCCARTESIANPOINT((0.,0.));
#920=IFCDIRECTION((1.,0.));
#921=IFCAXIS2PLACEMENT2D(#919,#920);
#922=IFCRECTANGLEPROFILEDEF(.AREA.,$,#921,0.35999999999999999,0.37);
#923=IFCDIRECTION((0.,0.,1.));
#924=IFCCARTESIANPOINT((0.,0.,0.));
#925=IFCAXIS2PLACEMENT3D(#924,#4,#2);
#926=IFCEXTRUDEDAREASOLID(#922,#925,#923,3.9900000000000002);
#927=IFCCARTESIANPOINT((24.,0.,0.));
#928=IFCAXIS2PLACEMENT3D(#927,#4,#2);
#929=IFCLOCALPLACEMENT(#43,#928);
#930=IFCSHAPEREPRESENTATION(#7,'Body','SweptSolid',(#926));
#931=IFCPRODUCTDEFINITIONSHAPE($,$,(#930));
#932=IFCCOLUMN('2O2Fr$t4X7swc$UQeCOL303000000',#17,'Column C41-L4','Structural steel member','W14X90',#929,#931,'C41-L4');
#933=IFCRELCONTAINEDINSPATIALSTRUCTURE('2O2Fr$t4X7swc$UQeRCOL303',#17,$,$,(#932),#44);
#934=IFCRELASSOCIATESMATERIAL('2O2Fr$t4X7swc$UQeMCOL303',#17,$,$,(#932),#50);
#935=IFCCARTESIANPOINT((-0.17999999999999999,-0.185));
#936=IFCCARTESIANPOINT((0.,0.));
#937=IFCDIRECTION((1.,0.));
#938=IFCAXIS2PLACEMENT2D(#936,#937);
#939=IFCRECTANGLEPROFILEDEF(.AREA.,$,#938,0.35999999999999999,0.37);
#940=IFCDIRECTION((0.,0.,1.));
#941=IFCCARTESIANPOINT((0.,0.,0.));
#942=IFCAXIS2PLACEMENT3D(#941,#4,#2);
#943=IFCEXTRUDEDAREASOLID(#939,#942,#940,3.9900000000000002);
#944=IFCCARTESIANPOINT((24.,8.,0.));
#945=IFCAXIS2PLACEMENT3D(#944,#4,#2);
#946=IFCLOCALPLACEMENT(#31,#945);
#947=IFCSHAPEREPRESENTATION(#7,'Body','SweptSolid',(#943));
#948=IFCPRODUCTDEFINITIONSHAPE($,$,(#947));
#949=IFCCOLUMN('2O2Fr$t4X7swc$UQeCOL310000000',#17,'Column C42-L1','Structural steel member','W14X90',#946,#948,'C42-L1');
#950=IFCRELCONTAINEDINSPATIALSTRUCTURE('2O2Fr$t4X7swc$UQeRCOL310',#17,$,$,(#949),#32);
#951=IFCRELASSOCIATESMATERIAL('2O2Fr$t4X7swc$UQeMCOL310',#17,$,$,(#949),#50);
#952=IFCCARTESIANPOINT((-0.17999999999999999,-0.185));
#953=IFCCARTESIANPOINT((0.,0.));
#954=IFCDIRECTION((1.,0.));
#955=IFCAXIS2PLACEMENT2D(#953,#954);
#956=IFCRECTANGLEPROFILEDEF(.AREA.,$,#955,0.35999999999999999,0.37);
#957=IFCDIRECTION((0.,0.,1.));
#958=IFCCARTESIANPOINT((0.,0.,0.));
#959=IFCAXIS2PLACEMENT3D(#958,#4,#2);
#960=IFCEXTRUDEDAREASOLID(#956,#959,#957,3.9900000000000002);
#961=IFCCARTESIANPOINT((24.,8.,0.));
#962=IFCAXIS2PLACEMENT3D(#961,#4,#2);
#963=IFCLOCALPLACEMENT(#35,#962);
#964=IFCSHAPEREPRESENTATION(#7,'Body','SweptSolid',(#960));
#965=IFCPRODUCTDEFINITIONSHAPE($,$,(#964));
#966=IFCCOLUMN('2O2Fr$t4X7swc$UQeCOL311000000',#17,'Column C42-L2','Structural steel member','W14X90',#963,#965,'C42-L2');
#967=IFCRELCONTAINEDINSPATIALSTRUCTURE('2O2Fr$t4X7swc$UQeRCOL311',#17,$,$,(#966),#36);
#968=IFCRELASSOCIATESMATERIAL('2O2Fr$t4X7swc$UQeMCOL311',#17,$,$,(#966),#50);
#969=IFCCARTESIANPOINT((-0.17999999999999999,-0.185));
#970=IFCCARTESIANPOINT((0.,0.));
#971=IFCDIRECTION((1.,0.));
#972=IFCAXIS2PLACEMENT2D(#970,#971);
#973=IFCRECTANGLEPROFILEDEF(.AREA.,$,#972,0.35999999999999999,0.37);
#974=IFCDIRECTION((0.,0.,1.));
#975=IFCCARTESIANPOINT((0.,0.,0.));
#976=IFCAXIS2PLACEMENT3D(#975,#4,#2);
#977=IFCEXTRUDEDAREASOLID(#973,#976,#974,3.9900000000000002);
#978=IFCCARTESIANPOINT((24.,8.,0.));
#979=IFCAXIS2PLACEMENT3D(#978,#4,#2);
#980=IFCLOCALPLACEMENT(#39,#979);
#981=IFCSHAPEREPRESENTATION(#7,'Body','SweptSolid',(#977));
#982=IFCPRODUCTDEFINITIONSHAPE($,$,(#981));
#983=IFCCOLUMN('2O2Fr$t4X7swc$UQeCOL312000000',#17,'Column C42-L3','Structural steel member','W14X90',#980,#982,'C42-L3');
#984=IFCRELCONTAINEDINSPATIALSTRUCTURE('2O2Fr$t4X7swc$UQeRCOL312',#17,$,$,(#983),#40);
#985=IFCRELASSOCIATESMATERIAL('2O2Fr$t4X7swc$UQeMCOL312',#17,$,$,(#983),#50);
#986=IFCCARTESIANPOINT((-0.17999999999999999,-0.185));
#987=IFCCARTESIANPOINT((0.,0.));
#988=IFCDIRECTION((1.,0.));
#989=IFCAXIS2PLACEMENT2D(#987,#988);
#990=IFCRECTANGLEPROFILEDEF(.AREA.,$,#989,0.35999999999999999,0.37);
#991=IFCDIRECTION((0.,0.,1.));
#992=IFCCARTESIANPOINT((0.,0.,0.));
#993=IFCAXIS2PLACEMENT3D(#992,#4,#2);
#994=IFCEXTRUDEDAREASOLID(#990,#993,#991,3.9900000000000002);
#995=IFCCARTESIANPOINT((24.,8.,0.));
#996=IFCAXIS2PLACEMENT3D(#995,#4,#2);
#997=IFCLOCALPLACEMENT(#43,#996);
#998=IFCSHAPEREPRESENTATION(#7,'Body','SweptSolid',(#994));
#999=IFCPRODUCTDEFINITIONSHAPE($,$,(#998));
#1000=IFCCOLUMN('2O2Fr$t4X7swc$UQeCOL313000000',#17,'Column C42-L4','Structural steel member','W14X90',#997,#999,'C42-L4');
#1001=IFCRELCONTAINEDINSPATIALSTRUCTURE('2O2Fr$t4X7swc$UQeRCOL313',#17,$,$,(#1000),#44);
#1002=IFCRELASSOCIATESMATERIAL('2O2Fr$t4X7swc$UQeMCOL313',#17,$,$,(#1000),#50);
#1003=IFCCARTESIANPOINT((-0.17999999999999999,-0.185));
#1004=IFCCARTESIANPOINT((0.,0.));
#1005=IFCDIRECTION((1.,0.));
#1006=IFCAXIS2PLACEMENT2D(#1004,#1005);
#1007=IFCRECTANGLEPROFILEDEF(.AREA.,$,#1006,0.35999999999999999,0.37);
#1008=IFCDIRECTION((0.,0.,1.));
#1009=IFCCARTESIANPOINT((0.,0.,0.));
#1010=IFCAXIS2PLACEMENT3D(#1009,#4,#2);
#1011=IFCEXTRUDEDAREASOLID(#1007,#1010,#1008,3.9900000000000002);
#1012=IFCCARTESIANPOINT((24.,16.,0.));
#1013=IFCAXIS2PLACEMENT3D(#1012,#4,#2);
#1014=IFCLOCALPLACEMENT(#31,#1013);
#1015=IFCSHAPEREPRESENTATION(#7,'Body','SweptSolid',(#1011));
#1016=IFCPRODUCTDEFINITIONSHAPE($,$,(#1015));
#1017=IFCCOLUMN('2O2Fr$t4X7swc$UQeCOL320000000',#17,'Column C43-L1','Structural steel member','W14X90',#1014,#1016,'C43-L1');
#1018=IFCRELCONTAINEDINSPATIALSTRUCTURE('2O2Fr$t4X7swc$UQeRCOL320',#17,$,$,(#1017),#32);
#1019=IFCRELASSOCIATESMATERIAL('2O2Fr$t4X7swc$UQeMCOL320',#17,$,$,(#1017),#50);
#1020=IFCCARTESIANPOINT((-0.17999999999999999,-0.185));
#1021=IFCCARTESIANPOINT((0.,0.));
#1022=IFCDIRECTION((1.,0.));
#1023=IFCAXIS2PLACEMENT2D(#1021,#1022);
#1024=IFCRECTANGLEPROFILEDEF(.AREA.,$,#1023,0.35999999999999999,0.37);
#1025=IFCDIRECTION((0.,0.,1.));
#1026=IFCCARTESIANPOINT((0.,0.,0.));
#1027=IFCAXIS2PLACEMENT3D(#1026,#4,#2);
#1028=IFCEXTRUDEDAREASOLID(#1024,#1027,#1025,3.9900000000000002);
#1029=IFCCARTESIANPOINT((24.,16.,0.));
#1030=IFCAXIS2PLACEMENT3D(#1029,#4,#2);
#1031=IFCLOCALPLACEMENT(#35,#1030);
#1032=IFCSHAPEREPRESENTATION(#7,'Body','SweptSolid',(#1028));
#1033=IFCPRODUCTDEFINITIONSHAPE($,$,(#1032));
#1034=IFCCOLUMN('2O2Fr$t4X7swc$UQeCOL321000000',#17,'Column C43-L2','Structural steel member','W14X90',#1031,#1033,'C43-L2');
#1035=IFCRELCONTAINEDINSPATIALSTRUCTURE('2O2Fr$t4X7swc$UQeRCOL321',#17,$,$,(#1034),#36);
#1036=IFCRELASSOCIATESMATERIAL('2O2Fr$t4X7swc$UQeMCOL321',#17,$,$,(#1034),#50);
#1037=IFCCARTESIANPOINT((-0.17999999999999999,-0.185));
#1038=IFCCARTESIANPOINT((0.,0.));
#1039=IFCDIRECTION((1.,0.));
#1040=IFCAXIS2PLACEMENT2D(#1038,#1039);
#1041=IFCRECTANGLEPROFILEDEF(.AREA.,$,#1040,0.35999999999999999,0.37);
#1042=IFCDIRECTION((0.,0.,1.));
#1043=IFCCARTESIANPOINT((0.,0.,0.));
#1044=IFCAXIS2PLACEMENT3D(#1043,#4,#2);
#1045=IFCEXTRUDEDAREASOLID(#1041,#1044,#1042,3.9900000000000002);
#1046=IFCCARTESIANPOINT((24.,16.,0.));
#1047=IFCAXIS2PLACEMENT3D(#1046,#4,#2);
#1048=IFCLOCALPLACEMENT(#39,#1047);
#1049=IFCSHAPEREPRESENTATION(#7,'Body','SweptSolid',(#1045));
#1050=IFCPRODUCTDEFINITIONSHAPE($,$,(#1049));
#1051=IFCCOLUMN('2O2Fr$t4X7swc$UQeCOL322000000',#17,'Column C43-L3','Structural steel member','W14X90',#1048,#1050,'C43-L3');
#1052=IFCRELCONTAINEDINSPATIALSTRUCTURE('2O2Fr$t4X7swc$UQeRCOL322',#17,$,$,(#1051),#40);
#1053=IFCRELASSOCIATESMATERIAL('2O2Fr$t4X7swc$UQeMCOL322',#17,$,$,(#1051),#50);
#1054=IFCCARTESIANPOINT((-0.17999999999999999,-0.185));
#1055=IFCCARTESIANPOINT((0.,0.));
#1056=IFCDIRECTION((1.,0.));
#1057=IFCAXIS2PLACEMENT2D(#1055,#1056);
#1058=IFCRECTANGLEPROFILEDEF(.AREA.,$,#1057,0.35999999999999999,0.37);
#1059=IFCDIRECTION((0.,0.,1.));
#1060=IFCCARTESIANPOINT((0.,0.,0.));
#1061=IFCAXIS2PLACEMENT3D(#1060,#4,#2);
#1062=IFCEXTRUDEDAREASOLID(#1058,#1061,#1059,3.9900000000000002);
#1063=IFCCARTESIANPOINT((24.,16.,0.));
#1064=IFCAXIS2PLACEMENT3D(#1063,#4,#2);
#1065=IFCLOCALPLACEMENT(#43,#1064);
#1066=IFCSHAPEREPRESENTATION(#7,'Body','SweptSolid',(#1062));
#1067=IFCPRODUCTDEFINITIONSHAPE($,$,(#1066));
#1068=IFCCOLUMN('2O2Fr$t4X7swc$UQeCOL323000000',#17,'Column C43-L4','Structural steel member','W14X90',#1065,#1067,'C43-L4');
#1069=IFCRELCONTAINEDINSPATIALSTRUCTURE('2O2Fr$t4X7swc$UQeRCOL323',#17,$,$,(#1068),#44);
#1070=IFCRELASSOCIATESMATERIAL('2O2Fr$t4X7swc$UQeMCOL323',#17,$,$,(#1068),#50);
#1071=IFCCARTESIANPOINT((-0.17999999999999999,-0.185));
#1072=IFCCARTESIANPOINT((0.,0.));
#1073=IFCDIRECTION((1.,0.));
#1074=IFCAXIS2PLACEMENT2D(#1072,#1073);
#1075=IFCRECTANGLEPROFILEDEF(.AREA.,$,#1074,0.35999999999999999,0.37);
#1076=IFCDIRECTION((0.,0.,1.));
#1077=IFCCARTESIANPOINT((0.,0.,0.));
#1078=IFCAXIS2PLACEMENT3D(#1077,#4,#2);
#1079=IFCEXTRUDEDAREASOLID(#1075,#1078,#1076,3.9900000000000002);
#1080=IFCCARTESIANPOINT((24.,24.,0.));
#1081=IFCAXIS2PLACEMENT3D(#1080,#4,#2);
#1082=IFCLOCALPLACEMENT(#31,#1081);
#1083=IFCSHAPEREPRESENTATION(#7,'Body','SweptSolid',(#1079));
#1084=IFCPRODUCTDEFINITIONSHAPE($,$,(#1083));
#1085=IFCCOLUMN('2O2Fr$t4X7swc$UQeCOL330000000',#17,'Column C44-L1','Structural steel member','W14X90',#1082,#1084,'C44-L1');
#1086=IFCRELCONTAINEDINSPATIALSTRUCTURE('2O2Fr$t4X7swc$UQeRCOL330',#17,$,$,(#1085),#32);
#1087=IFCRELASSOCIATESMATERIAL('2O2Fr$t4X7swc$UQeMCOL330',#17,$,$,(#1085),#50);
#1088=IFCCARTESIANPOINT((-0.17999999999999999,-0.185));
#1089=IFCCARTESIANPOINT((0.,0.));
#1090=IFCDIRECTION((1.,0.));
#1091=IFCAXIS2PLACEMENT2D(#1089,#1090);
#1092=IFCRECTANGLEPROFILEDEF(.AREA.,$,#1091,0.35999999999999999,0.37);
#1093=IFCDIRECTION((0.,0.,1.));
#1094=IFCCARTESIANPOINT((0.,0.,0.));
#1095=IFCAXIS2PLACEMENT3D(#1094,#4,#2);
#1096=IFCEXTRUDEDAREASOLID(#1092,#1095,#1093,3.9900000000000002);
#1097=IFCCARTESIANPOINT((24.,24.,0.));
#1098=IFCAXIS2PLACEMENT3D(#1097,#4,#2);
#1099=IFCLOCALPLACEMENT(#35,#1098);
#1100=IFCSHAPEREPRESENTATION(#7,'Body','SweptSolid',(#1096));
#1101=IFCPRODUCTDEFINITIONSHAPE($,$,(#1100));
#1102=IFCCOLUMN('2O2Fr$t4X7swc$UQeCOL331000000',#17,'Column C44-L2','Structural steel member','W14X90',#1099,#1101,'C44-L2');
#1103=IFCRELCONTAINEDINSPATIALSTRUCTURE('2O2Fr$t4X7swc$UQeRCOL331',#17,$,$,(#1102),#36);
#1104=IFCRELASSOCIATESMATERIAL('2O2Fr$t4X7swc$UQeMCOL331',#17,$,$,(#1102),#50);
#1105=IFCCARTESIANPOINT((-0.17999999999999999,-0.185));
#1106=IFCCARTESIANPOINT((0.,0.));
#1107=IFCDIRECTION((1.,0.));
#1108=IFCAXIS2PLACEMENT2D(#1106,#1107);
#1109=IFCRECTANGLEPROFILEDEF(.AREA.,$,#1108,0.35999999999999999,0.37);
#1110=IFCDIRECTION((0.,0.,1.));
#1111=IFCCARTESIANPOINT((0.,0.,0.));
#1112=IFCAXIS2PLACEMENT3D(#1111,#4,#2);
#1113=IFCEXTRUDEDAREASOLID(#1109,#1112,#1110,3.9900000000000002);
#1114=IFCCARTESIANPOINT((24.,24.,0.));
#1115=IFCAXIS2PLACEMENT3D(#1114,#4,#2);
#1116=IFCLOCALPLACEMENT(#39,#1115);
#1117=IFCSHAPEREPRESENTATION(#7,'Body','SweptSolid',(#1113));
#1118=IFCPRODUCTDEFINITIONSHAPE($,$,(#1117));
#1119=IFCCOLUMN('2O2Fr$t4X7swc$UQeCOL332000000',#17,'Column C44-L3','Structural steel member','W14X90',#1116,#1118,'C44-L3');
#1120=IFCRELCONTAINEDINSPATIALSTRUCTURE('2O2Fr$t4X7swc$UQeRCOL332',#17,$,$,(#1119),#40);
#1121=IFCRELASSOCIATESMATERIAL('2O2Fr$t4X7swc$UQeMCOL332',#17,$,$,(#1119),#50);
#1122=IFCCARTESIANPOINT((-0.17999999999999999,-0.185));
#1123=IFCCARTESIANPOINT((0.,0.));
#1124=IFCDIRECTION((1.,0.));
#1125=IFCAXIS2PLACEMENT2D(#1123,#1124);
#1126=IFCRECTANGLEPROFILEDEF(.AREA.,$,#1125,0.35999999999999999,0.37);
#1127=IFCDIRECTION((0.,0.,1.));
#1128=IFCCARTESIANPOINT((0.,0.,0.));
#1129=IFCAXIS2PLACEMENT3D(#1128,#4,#2);
#1130=IFCEXTRUDEDAREASOLID(#1126,#1129,#1127,3.9900000000000002);
#1131=IFCCARTESIANPOINT((24.,24.,0.));
#1132=IFCAXIS2PLACEMENT3D(#1131,#4,#2);
#1133=IFCLOCALPLACEMENT(#43,#1132);
#1134=IFCSHAPEREPRESENTATION(#7,'Body','SweptSolid',(#1130));
#1135=IFCPRODUCTDEFINITIONSHAPE($,$,(#1134));
#1136=IFCCOLUMN('2O2Fr$t4X7swc$UQeCOL333000000',#17,'Column C44-L4','Structural steel member','W14X90',#1133,#1135,'C44-L4');
#1137=IFCRELCONTAINEDINSPATIALSTRUCTURE('2O2Fr$t4X7swc$UQeRCOL333',#17,$,$,(#1136),#44);
#1138=IFCRELASSOCIATESMATERIAL('2O2Fr$t4X7swc$UQeMCOL333',#17,$,$,(#1136),#50);
#1139=IFCCARTESIANPOINT((-0.14999999999999999,-0.27500000000000002));
#1140=IFCCARTESIANPOINT((0.,0.));
#1141=IFCDIRECTION((1.,0.));
#1142=IFCAXIS2PLACEMENT2D(#1140,#1141);
#1143=IFCRECTANGLEPROFILEDEF(.AREA.,$,#1142,0.29999999999999999,0.55000000000000004);
#1144=IFCDIRECTION((0.,0.,1.));
#1145=IFCCARTESIANPOINT((0.,0.,0.));
#1146=IFCAXIS2PLACEMENT3D(#1145,#4,#2);
#1147=IFCEXTRUDEDAREASOLID(#1143,#1146,#1144,8.);
#1148=IFCCARTESIANPOINT((4.,0.,0.));
#1149=IFCAXIS2PLACEMENT3D(#1148,#4,#2);
#1150=IFCDIRECTION((1.,0.,0.));
#1151=IFCDIRECTION((0.,0.,-1.));
#1152=IFCAXIS2PLACEMENT3D(#1148,#1150,#1151);
#1153=IFCLOCALPLACEMENT(#35,#1152);
#1154=IFCSHAPEREPRESENTATION(#7,'Body','SweptSolid',(#1147));
#1155=IFCPRODUCTDEFINITIONSHAPE($,$,(#1154));
#1156=IFCBEAM('2O2Fr$t4X7swc$UQeBX0010000000',#17,'Beam B1','Structural steel member','W21X44',#1153,#1155,'B1');
#1157=IFCRELCONTAINEDINSPATIALSTRUCTURE('2O2Fr$t4X7swc$UQeRBX001',#17,$,$,(#1156),#36);
#1158=IFCRELASSOCIATESMATERIAL('2O2Fr$t4X7swc$UQeMBX001',#17,$,$,(#1156),#50);
#1159=IFCCARTESIANPOINT((-0.14999999999999999,-0.27500000000000002));
#1160=IFCCARTESIANPOINT((0.,0.));
#1161=IFCDIRECTION((1.,0.));
#1162=IFCAXIS2PLACEMENT2D(#1160,#1161);
#1163=IFCRECTANGLEPROFILEDEF(.AREA.,$,#1162,0.29999999999999999,0.55000000000000004);
#1164=IFCDIRECTION((0.,0.,1.));
#1165=IFCCARTESIANPOINT((0.,0.,0.));
#1166=IFCAXIS2PLACEMENT3D(#1165,#4,#2);
#1167=IFCEXTRUDEDAREASOLID(#1163,#1166,#1164,8.);
#1168=IFCCARTESIANPOINT((12.,0.,0.));
#1169=IFCAXIS2PLACEMENT3D(#1168,#4,#2);
#1170=IFCDIRECTION((1.,0.,0.));
#1171=IFCDIRECTION((0.,0.,-1.));
#1172=IFCAXIS2PLACEMENT3D(#1168,#1170,#1171);
#1173=IFCLOCALPLACEMENT(#35,#1172);
#1174=IFCSHAPEREPRESENTATION(#7,'Body','SweptSolid',(#1167));
#1175=IFCPRODUCTDEFINITIONSHAPE($,$,(#1174));
#1176=IFCBEAM('2O2Fr$t4X7swc$UQeBX1010000000',#17,'Beam B2','Structural steel member','W21X44',#1173,#1175,'B2');
#1177=IFCRELCONTAINEDINSPATIALSTRUCTURE('2O2Fr$t4X7swc$UQeRBX101',#17,$,$,(#1176),#36);
#1178=IFCRELASSOCIATESMATERIAL('2O2Fr$t4X7swc$UQeMBX101',#17,$,$,(#1176),#50);
#1179=IFCCARTESIANPOINT((-0.14999999999999999,-0.27500000000000002));
#1180=IFCCARTESIANPOINT((0.,0.));
#1181=IFCDIRECTION((1.,0.));
#1182=IFCAXIS2PLACEMENT2D(#1180,#1181);
#1183=IFCRECTANGLEPROFILEDEF(.AREA.,$,#1182,0.29999999999999999,0.55000000000000004);
#1184=IFCDIRECTION((0.,0.,1.));
#1185=IFCCARTESIANPOINT((0.,0.,0.));
#1186=IFCAXIS2PLACEMENT3D(#1185,#4,#2);
#1187=IFCEXTRUDEDAREASOLID(#1183,#1186,#1184,8.);
#1188=IFCCARTESIANPOINT((20.,0.,0.));
#1189=IFCAXIS2PLACEMENT3D(#1188,#4,#2);
#1190=IFCDIRECTION((1.,0.,0.));
#1191=IFCDIRECTION((0.,0.,-1.));
#1192=IFCAXIS2PLACEMENT3D(#1188,#1190,#1191);
#1193=IFCLOCALPLACEMENT(#35,#1192);
#1194=IFCSHAPEREPRESENTATION(#7,'Body','SweptSolid',(#1187));
#1195=IFCPRODUCTDEFINITIONSHAPE($,$,(#1194));
#1196=IFCBEAM('2O2Fr$t4X7swc$UQeBX2010000000',#17,'Beam B120','Structural steel member','W21X44',#1193,#1195,'B120');
#1197=IFCRELCONTAINEDINSPATIALSTRUCTURE('2O2Fr$t4X7swc$UQeRBX201',#17,$,$,(#1196),#36);
#1198=IFCRELASSOCIATESMATERIAL('2O2Fr$t4X7swc$UQeMBX201',#17,$,$,(#1196),#50);
#1199=IFCCARTESIANPOINT((-0.14999999999999999,-0.27500000000000002));
#1200=IFCCARTESIANPOINT((0.,0.));
#1201=IFCDIRECTION((1.,0.));
#1202=IFCAXIS2PLACEMENT2D(#1200,#1201);
#1203=IFCRECTANGLEPROFILEDEF(.AREA.,$,#1202,0.29999999999999999,0.55000000000000004);
#1204=IFCDIRECTION((0.,0.,1.));
#1205=IFCCARTESIANPOINT((0.,0.,0.));
#1206=IFCAXIS2PLACEMENT3D(#1205,#4,#2);
#1207=IFCEXTRUDEDAREASOLID(#1203,#1206,#1204,8.);
#1208=IFCCARTESIANPOINT((4.,8.,0.));
#1209=IFCAXIS2PLACEMENT3D(#1208,#4,#2);
#1210=IFCDIRECTION((1.,0.,0.));
#1211=IFCDIRECTION((0.,0.,-1.));
#1212=IFCAXIS2PLACEMENT3D(#1208,#1210,#1211);
#1213=IFCLOCALPLACEMENT(#35,#1212);
#1214=IFCSHAPEREPRESENTATION(#7,'Body','SweptSolid',(#1207));
#1215=IFCPRODUCTDEFINITIONSHAPE($,$,(#1214));
#1216=IFCBEAM('2O2Fr$t4X7swc$UQeBX0110000000',#17,'Beam B101','Structural steel member','W21X44',#1213,#1215,'B101');
#1217=IFCRELCONTAINEDINSPATIALSTRUCTURE('2O2Fr$t4X7swc$UQeRBX011',#17,$,$,(#1216),#36);
#1218=IFCRELASSOCIATESMATERIAL('2O2Fr$t4X7swc$UQeMBX011',#17,$,$,(#1216),#50);
#1219=IFCCARTESIANPOINT((-0.14999999999999999,-0.27500000000000002));
#1220=IFCCARTESIANPOINT((0.,0.));
#1221=IFCDIRECTION((1.,0.));
#1222=IFCAXIS2PLACEMENT2D(#1220,#1221);
#1223=IFCRECTANGLEPROFILEDEF(.AREA.,$,#1222,0.29999999999999999,0.55000000000000004);
#1224=IFCDIRECTION((0.,0.,1.));
#1225=IFCCARTESIANPOINT((0.,0.,0.));
#1226=IFCAXIS2PLACEMENT3D(#1225,#4,#2);
#1227=IFCEXTRUDEDAREASOLID(#1223,#1226,#1224,8.);
#1228=IFCCARTESIANPOINT((12.,8.,0.));
#1229=IFCAXIS2PLACEMENT3D(#1228,#4,#2);
#1230=IFCDIRECTION((1.,0.,0.));
#1231=IFCDIRECTION((0.,0.,-1.));
#1232=IFCAXIS2PLACEMENT3D(#1228,#1230,#1231);
#1233=IFCLOCALPLACEMENT(#35,#1232);
#1234=IFCSHAPEREPRESENTATION(#7,'Body','SweptSolid',(#1227));
#1235=IFCPRODUCTDEFINITIONSHAPE($,$,(#1234));
#1236=IFCBEAM('2O2Fr$t4X7swc$UQeBX1110000000',#17,'Beam B111','Structural steel member','W21X44',#1233,#1235,'B111');
#1237=IFCRELCONTAINEDINSPATIALSTRUCTURE('2O2Fr$t4X7swc$UQeRBX111',#17,$,$,(#1236),#36);
#1238=IFCRELASSOCIATESMATERIAL('2O2Fr$t4X7swc$UQeMBX111',#17,$,$,(#1236),#50);
#1239=IFCCARTESIANPOINT((-0.14999999999999999,-0.27500000000000002));
#1240=IFCCARTESIANPOINT((0.,0.));
#1241=IFCDIRECTION((1.,0.));
#1242=IFCAXIS2PLACEMENT2D(#1240,#1241);
#1243=IFCRECTANGLEPROFILEDEF(.AREA.,$,#1242,0.29999999999999999,0.55000000000000004);
#1244=IFCDIRECTION((0.,0.,1.));
#1245=IFCCARTESIANPOINT((0.,0.,0.));
#1246=IFCAXIS2PLACEMENT3D(#1245,#4,#2);
#1247=IFCEXTRUDEDAREASOLID(#1243,#1246,#1244,8.);
#1248=IFCCARTESIANPOINT((20.,8.,0.));
#1249=IFCAXIS2PLACEMENT3D(#1248,#4,#2);
#1250=IFCDIRECTION((1.,0.,0.));
#1251=IFCDIRECTION((0.,0.,-1.));
#1252=IFCAXIS2PLACEMENT3D(#1248,#1250,#1251);
#1253=IFCLOCALPLACEMENT(#35,#1252);
#1254=IFCSHAPEREPRESENTATION(#7,'Body','SweptSolid',(#1247));
#1255=IFCPRODUCTDEFINITIONSHAPE($,$,(#1254));
#1256=IFCBEAM('2O2Fr$t4X7swc$UQeBX2110000000',#17,'Beam B121','Structural steel member','W21X44',#1253,#1255,'B121');
#1257=IFCRELCONTAINEDINSPATIALSTRUCTURE('2O2Fr$t4X7swc$UQeRBX211',#17,$,$,(#1256),#36);
#1258=IFCRELASSOCIATESMATERIAL('2O2Fr$t4X7swc$UQeMBX211',#17,$,$,(#1256),#50);
#1259=IFCCARTESIANPOINT((-0.14999999999999999,-0.27500000000000002));
#1260=IFCCARTESIANPOINT((0.,0.));
#1261=IFCDIRECTION((1.,0.));
#1262=IFCAXIS2PLACEMENT2D(#1260,#1261);
#1263=IFCRECTANGLEPROFILEDEF(.AREA.,$,#1262,0.29999999999999999,0.55000000000000004);
#1264=IFCDIRECTION((0.,0.,1.));
#1265=IFCCARTESIANPOINT((0.,0.,0.));
#1266=IFCAXIS2PLACEMENT3D(#1265,#4,#2);
#1267=IFCEXTRUDEDAREASOLID(#1263,#1266,#1264,8.);
#1268=IFCCARTESIANPOINT((4.,16.,0.));
#1269=IFCAXIS2PLACEMENT3D(#1268,#4,#2);
#1270=IFCDIRECTION((1.,0.,0.));
#1271=IFCDIRECTION((0.,0.,-1.));
#1272=IFCAXIS2PLACEMENT3D(#1268,#1270,#1271);
#1273=IFCLOCALPLACEMENT(#35,#1272);
#1274=IFCSHAPEREPRESENTATION(#7,'Body','SweptSolid',(#1267));
#1275=IFCPRODUCTDEFINITIONSHAPE($,$,(#1274));
#1276=IFCBEAM('2O2Fr$t4X7swc$UQeBX0210000000',#17,'Beam B102','Structural steel member','W21X44',#1273,#1275,'B102');
#1277=IFCRELCONTAINEDINSPATIALSTRUCTURE('2O2Fr$t4X7swc$UQeRBX021',#17,$,$,(#1276),#36);
#1278=IFCRELASSOCIATESMATERIAL('2O2Fr$t4X7swc$UQeMBX021',#17,$,$,(#1276),#50);
#1279=IFCCARTESIANPOINT((-0.14999999999999999,-0.27500000000000002));
#1280=IFCCARTESIANPOINT((0.,0.));
#1281=IFCDIRECTION((1.,0.));
#1282=IFCAXIS2PLACEMENT2D(#1280,#1281);
#1283=IFCRECTANGLEPROFILEDEF(.AREA.,$,#1282,0.29999999999999999,0.55000000000000004);
#1284=IFCDIRECTION((0.,0.,1.));
#1285=IFCCARTESIANPOINT((0.,0.,0.));
#1286=IFCAXIS2PLACEMENT3D(#1285,#4,#2);
#1287=IFCEXTRUDEDAREASOLID(#1283,#1286,#1284,8.);
#1288=IFCCARTESIANPOINT((12.,16.,0.));
#1289=IFCAXIS2PLACEMENT3D(#1288,#4,#2);
#1290=IFCDIRECTION((1.,0.,0.));
#1291=IFCDIRECTION((0.,0.,-1.));
#1292=IFCAXIS2PLACEMENT3D(#1288,#1290,#1291);
#1293=IFCLOCALPLACEMENT(#35,#1292);
#1294=IFCSHAPEREPRESENTATION(#7,'Body','SweptSolid',(#1287));
#1295=IFCPRODUCTDEFINITIONSHAPE($,$,(#1294));
#1296=IFCBEAM('2O2Fr$t4X7swc$UQeBX1210000000',#17,'Beam B112','Structural steel member','W21X44',#1293,#1295,'B112');
#1297=IFCRELCONTAINEDINSPATIALSTRUCTURE('2O2Fr$t4X7swc$UQeRBX121',#17,$,$,(#1296),#36);
#1298=IFCRELASSOCIATESMATERIAL('2O2Fr$t4X7swc$UQeMBX121',#17,$,$,(#1296),#50);
#1299=IFCCARTESIANPOINT((-0.14999999999999999,-0.27500000000000002));
#1300=IFCCARTESIANPOINT((0.,0.));
#1301=IFCDIRECTION((1.,0.));
#1302=IFCAXIS2PLACEMENT2D(#1300,#1301);
#1303=IFCRECTANGLEPROFILEDEF(.AREA.,$,#1302,0.29999999999999999,0.55000000000000004);
#1304=IFCDIRECTION((0.,0.,1.));
#1305=IFCCARTESIANPOINT((0.,0.,0.));
#1306=IFCAXIS2PLACEMENT3D(#1305,#4,#2);
#1307=IFCEXTRUDEDAREASOLID(#1303,#1306,#1304,8.);
#1308=IFCCARTESIANPOINT((20.,16.,0.));
#1309=IFCAXIS2PLACEMENT3D(#1308,#4,#2);
#1310=IFCDIRECTION((1.,0.,0.));
#1311=IFCDIRECTION((0.,0.,-1.));
#1312=IFCAXIS2PLACEMENT3D(#1308,#1310,#1311);
#1313=IFCLOCALPLACEMENT(#35,#1312);
#1314=IFCSHAPEREPRESENTATION(#7,'Body','SweptSolid',(#1307));
#1315=IFCPRODUCTDEFINITIONSHAPE($,$,(#1314));
#1316=IFCBEAM('2O2Fr$t4X7swc$UQeBX2210000000',#17,'Beam B122','Structural steel member','W21X44',#1313,#1315,'B122');
#1317=IFCRELCONTAINEDINSPATIALSTRUCTURE('2O2Fr$t4X7swc$UQeRBX221',#17,$,$,(#1316),#36);
#1318=IFCRELASSOCIATESMATERIAL('2O2Fr$t4X7swc$UQeMBX221',#17,$,$,(#1316),#50);
#1319=IFCCARTESIANPOINT((-0.14999999999999999,-0.27500000000000002));
#1320=IFCCARTESIANPOINT((0.,0.));
#1321=IFCDIRECTION((1.,0.));
#1322=IFCAXIS2PLACEMENT2D(#1320,#1321);
#1323=IFCRECTANGLEPROFILEDEF(.AREA.,$,#1322,0.29999999999999999,0.55000000000000004);
#1324=IFCDIRECTION((0.,0.,1.));
#1325=IFCCARTESIANPOINT((0.,0.,0.));
#1326=IFCAXIS2PLACEMENT3D(#1325,#4,#2);
#1327=IFCEXTRUDEDAREASOLID(#1323,#1326,#1324,8.);
#1328=IFCCARTESIANPOINT((4.,24.,0.));
#1329=IFCAXIS2PLACEMENT3D(#1328,#4,#2);
#1330=IFCDIRECTION((1.,0.,0.));
#1331=IFCDIRECTION((0.,0.,-1.));
#1332=IFCAXIS2PLACEMENT3D(#1328,#1330,#1331);
#1333=IFCLOCALPLACEMENT(#35,#1332);
#1334=IFCSHAPEREPRESENTATION(#7,'Body','SweptSolid',(#1327));
#1335=IFCPRODUCTDEFINITIONSHAPE($,$,(#1334));
#1336=IFCBEAM('2O2Fr$t4X7swc$UQeBX0310000000',#17,'Beam B103','Structural steel member','W21X44',#1333,#1335,'B103');
#1337=IFCRELCONTAINEDINSPATIALSTRUCTURE('2O2Fr$t4X7swc$UQeRBX031',#17,$,$,(#1336),#36);
#1338=IFCRELASSOCIATESMATERIAL('2O2Fr$t4X7swc$UQeMBX031',#17,$,$,(#1336),#50);
#1339=IFCCARTESIANPOINT((-0.14999999999999999,-0.27500000000000002));
#1340=IFCCARTESIANPOINT((0.,0.));
#1341=IFCDIRECTION((1.,0.));
#1342=IFCAXIS2PLACEMENT2D(#1340,#1341);
#1343=IFCRECTANGLEPROFILEDEF(.AREA.,$,#1342,0.29999999999999999,0.55000000000000004);
#1344=IFCDIRECTION((0.,0.,1.));
#1345=IFCCARTESIANPOINT((0.,0.,0.));
#1346=IFCAXIS2PLACEMENT3D(#1345,#4,#2);
#1347=IFCEXTRUDEDAREASOLID(#1343,#1346,#1344,8.);
#1348=IFCCARTESIANPOINT((12.,24.,0.));
#1349=IFCAXIS2PLACEMENT3D(#1348,#4,#2);
#1350=IFCDIRECTION((1.,0.,0.));
#1351=IFCDIRECTION((0.,0.,-1.));
#1352=IFCAXIS2PLACEMENT3D(#1348,#1350,#1351);
#1353=IFCLOCALPLACEMENT(#35,#1352);
#1354=IFCSHAPEREPRESENTATION(#7,'Body','SweptSolid',(#1347));
#1355=IFCPRODUCTDEFINITIONSHAPE($,$,(#1354));
#1356=IFCBEAM('2O2Fr$t4X7swc$UQeBX1310000000',#17,'Beam B113','Structural steel member','W21X44',#1353,#1355,'B113');
#1357=IFCRELCONTAINEDINSPATIALSTRUCTURE('2O2Fr$t4X7swc$UQeRBX131',#17,$,$,(#1356),#36);
#1358=IFCRELASSOCIATESMATERIAL('2O2Fr$t4X7swc$UQeMBX131',#17,$,$,(#1356),#50);
#1359=IFCCARTESIANPOINT((-0.14999999999999999,-0.27500000000000002));
#1360=IFCCARTESIANPOINT((0.,0.));
#1361=IFCDIRECTION((1.,0.));
#1362=IFCAXIS2PLACEMENT2D(#1360,#1361);
#1363=IFCRECTANGLEPROFILEDEF(.AREA.,$,#1362,0.29999999999999999,0.55000000000000004);
#1364=IFCDIRECTION((0.,0.,1.));
#1365=IFCCARTESIANPOINT((0.,0.,0.));
#1366=IFCAXIS2PLACEMENT3D(#1365,#4,#2);
#1367=IFCEXTRUDEDAREASOLID(#1363,#1366,#1364,8.);
#1368=IFCCARTESIANPOINT((20.,24.,0.));
#1369=IFCAXIS2PLACEMENT3D(#1368,#4,#2);
#1370=IFCDIRECTION((1.,0.,0.));
#1371=IFCDIRECTION((0.,0.,-1.));
#1372=IFCAXIS2PLACEMENT3D(#1368,#1370,#1371);
#1373=IFCLOCALPLACEMENT(#35,#1372);
#1374=IFCSHAPEREPRESENTATION(#7,'Body','SweptSolid',(#1367));
#1375=IFCPRODUCTDEFINITIONSHAPE($,$,(#1374));
#1376=IFCBEAM('2O2Fr$t4X7swc$UQeBX2310000000',#17,'Beam B123','Structural steel member','W21X44',#1373,#1375,'B123');
#1377=IFCRELCONTAINEDINSPATIALSTRUCTURE('2O2Fr$t4X7swc$UQeRBX231',#17,$,$,(#1376),#36);
#1378=IFCRELASSOCIATESMATERIAL('2O2Fr$t4X7swc$UQeMBX231',#17,$,$,(#1376),#50);
#1379=IFCCARTESIANPOINT((-0.14999999999999999,-0.27500000000000002));
#1380=IFCCARTESIANPOINT((0.,0.));
#1381=IFCDIRECTION((1.,0.));
#1382=IFCAXIS2PLACEMENT2D(#1380,#1381);
#1383=IFCRECTANGLEPROFILEDEF(.AREA.,$,#1382,0.29999999999999999,0.55000000000000004);
#1384=IFCDIRECTION((0.,0.,1.));
#1385=IFCCARTESIANPOINT((0.,0.,0.));
#1386=IFCAXIS2PLACEMENT3D(#1385,#4,#2);
#1387=IFCEXTRUDEDAREASOLID(#1383,#1386,#1384,8.);
#1388=IFCCARTESIANPOINT((0.,4.,0.));
#1389=IFCAXIS2PLACEMENT3D(#1388,#4,#3);
#1390=IFCDIRECTION((0.,1.,0.));
#1391=IFCDIRECTION((0.,0.,-1.));
#1392=IFCAXIS2PLACEMENT3D(#1388,#1390,#1391);
#1393=IFCLOCALPLACEMENT(#35,#1392);
#1394=IFCSHAPEREPRESENTATION(#7,'Body','SweptSolid',(#1387));
#1395=IFCPRODUCTDEFINITIONSHAPE($,$,(#1394));
#1396=IFCBEAM('2O2Fr$t4X7swc$UQeBY0010000000',#17,'Beam BY100','Structural steel member','W16X26',#1393,#1395,'BY100');
#1397=IFCRELCONTAINEDINSPATIALSTRUCTURE('2O2Fr$t4X7swc$UQeRBY001',#17,$,$,(#1396),#36);
#1398=IFCRELASSOCIATESMATERIAL('2O2Fr$t4X7swc$UQeMBY001',#17,$,$,(#1396),#50);
#1399=IFCCARTESIANPOINT((-0.14999999999999999,-0.27500000000000002));
#1400=IFCCARTESIANPOINT((0.,0.));
#1401=IFCDIRECTION((1.,0.));
#1402=IFCAXIS2PLACEMENT2D(#1400,#1401);
#1403=IFCRECTANGLEPROFILEDEF(.AREA.,$,#1402,0.29999999999999999,0.55000000000000004);
#1404=IFCDIRECTION((0.,0.,1.));
#1405=IFCCARTESIANPOINT((0.,0.,0.));
#1406=IFCAXIS2PLACEMENT3D(#1405,#4,#2);
#1407=IFCEXTRUDEDAREASOLID(#1403,#1406,#1404,8.);
#1408=IFCCARTESIANPOINT((0.,12.,0.));
#1409=IFCAXIS2PLACEMENT3D(#1408,#4,#3);
#1410=IFCDIRECTION((0.,1.,0.));
#1411=IFCDIRECTION((0.,0.,-1.));
#1412=IFCAXIS2PLACEMENT3D(#1408,#1410,#1411);
#1413=IFCLOCALPLACEMENT(#35,#1412);
#1414=IFCSHAPEREPRESENTATION(#7,'Body','SweptSolid',(#1407));
#1415=IFCPRODUCTDEFINITIONSHAPE($,$,(#1414));
#1416=IFCBEAM('2O2Fr$t4X7swc$UQeBY0110000000',#17,'Beam BY101','Structural steel member','W16X26',#1413,#1415,'BY101');
#1417=IFCRELCONTAINEDINSPATIALSTRUCTURE('2O2Fr$t4X7swc$UQeRBY011',#17,$,$,(#1416),#36);
#1418=IFCRELASSOCIATESMATERIAL('2O2Fr$t4X7swc$UQeMBY011',#17,$,$,(#1416),#50);
#1419=IFCCARTESIANPOINT((-0.14999999999999999,-0.27500000000000002));
#1420=IFCCARTESIANPOINT((0.,0.));
#1421=IFCDIRECTION((1.,0.));
#1422=IFCAXIS2PLACEMENT2D(#1420,#1421);
#1423=IFCRECTANGLEPROFILEDEF(.AREA.,$,#1422,0.29999999999999999,0.55000000000000004);
#1424=IFCDIRECTION((0.,0.,1.));
#1425=IFCCARTESIANPOINT((0.,0.,0.));
#1426=IFCAXIS2PLACEMENT3D(#1425,#4,#2);
#1427=IFCEXTRUDEDAREASOLID(#1423,#1426,#1424,8.);
#1428=IFCCARTESIANPOINT((0.,20.,0.));
#1429=IFCAXIS2PLACEMENT3D(#1428,#4,#3);
#1430=IFCDIRECTION((0.,1.,0.));
#1431=IFCDIRECTION((0.,0.,-1.));
#1432=IFCAXIS2PLACEMENT3D(#1428,#1430,#1431);
#1433=IFCLOCALPLACEMENT(#35,#1432);
#1434=IFCSHAPEREPRESENTATION(#7,'Body','SweptSolid',(#1427));
#1435=IFCPRODUCTDEFINITIONSHAPE($,$,(#1434));
#1436=IFCBEAM('2O2Fr$t4X7swc$UQeBY0210000000',#17,'Beam BY102','Structural steel member','W16X26',#1433,#1435,'BY102');
#1437=IFCRELCONTAINEDINSPATIALSTRUCTURE('2O2Fr$t4X7swc$UQeRBY021',#17,$,$,(#1436),#36);
#1438=IFCRELASSOCIATESMATERIAL('2O2Fr$t4X7swc$UQeMBY021',#17,$,$,(#1436),#50);
#1439=IFCCARTESIANPOINT((-0.14999999999999999,-0.27500000000000002));
#1440=IFCCARTESIANPOINT((0.,0.));
#1441=IFCDIRECTION((1.,0.));
#1442=IFCAXIS2PLACEMENT2D(#1440,#1441);
#1443=IFCRECTANGLEPROFILEDEF(.AREA.,$,#1442,0.29999999999999999,0.55000000000000004);
#1444=IFCDIRECTION((0.,0.,1.));
#1445=IFCCARTESIANPOINT((0.,0.,0.));
#1446=IFCAXIS2PLACEMENT3D(#1445,#4,#2);
#1447=IFCEXTRUDEDAREASOLID(#1443,#1446,#1444,8.);
#1448=IFCCARTESIANPOINT((8.,4.,0.));
#1449=IFCAXIS2PLACEMENT3D(#1448,#4,#3);
#1450=IFCDIRECTION((0.,1.,0.));
#1451=IFCDIRECTION((0.,0.,-1.));
#1452=IFCAXIS2PLACEMENT3D(#1448,#1450,#1451);
#1453=IFCLOCALPLACEMENT(#35,#1452);
#1454=IFCSHAPEREPRESENTATION(#7,'Body','SweptSolid',(#1447));
#1455=IFCPRODUCTDEFINITIONSHAPE($,$,(#1454));
#1456=IFCBEAM('2O2Fr$t4X7swc$UQeBY1010000000',#17,'Beam BY110','Structural steel member','W16X26',#1453,#1455,'BY110');
#1457=IFCRELCONTAINEDINSPATIALSTRUCTURE('2O2Fr$t4X7swc$UQeRBY101',#17,$,$,(#1456),#36);
#1458=IFCRELASSOCIATESMATERIAL('2O2Fr$t4X7swc$UQeMBY101',#17,$,$,(#1456),#50);
#1459=IFCCARTESIANPOINT((-0.14999999999999999,-0.27500000000000002));
#1460=IFCCARTESIANPOINT((0.,0.));
#1461=IFCDIRECTION((1.,0.));
#1462=IFCAXIS2PLACEMENT2D(#1460,#1461);
#1463=IFCRECTANGLEPROFILEDEF(.AREA.,$,#1462,0.29999999999999999,0.55000000000000004);
#1464=IFCDIRECTION((0.,0.,1.));
#1465=IFCCARTESIANPOINT((0.,0.,0.));
#1466=IFCAXIS2PLACEMENT3D(#1465,#4,#2);
#1467=IFCEXTRUDEDAREASOLID(#1463,#1466,#1464,8.);
#1468=IFCCARTESIANPOINT((8.,12.,0.));
#1469=IFCAXIS2PLACEMENT3D(#1468,#4,#3);
#1470=IFCDIRECTION((0.,1.,0.));
#1471=IFCDIRECTION((0.,0.,-1.));
#1472=IFCAXIS2PLACEMENT3D(#1468,#1470,#1471);
#1473=IFCLOCALPLACEMENT(#35,#1472);
#1474=IFCSHAPEREPRESENTATION(#7,'Body','SweptSolid',(#1467));
#1475=IFCPRODUCTDEFINITIONSHAPE($,$,(#1474));
#1476=IFCBEAM('2O2Fr$t4X7swc$UQeBY1110000000',#17,'Beam BY111','Structural steel member','W16X26',#1473,#1475,'BY111');
#1477=IFCRELCONTAINEDINSPATIALSTRUCTURE('2O2Fr$t4X7swc$UQeRBY111',#17,$,$,(#1476),#36);
#1478=IFCRELASSOCIATESMATERIAL('2O2Fr$t4X7swc$UQeMBY111',#17,$,$,(#1476),#50);
#1479=IFCCARTESIANPOINT((-0.14999999999999999,-0.27500000000000002));
#1480=IFCCARTESIANPOINT((0.,0.));
#1481=IFCDIRECTION((1.,0.));
#1482=IFCAXIS2PLACEMENT2D(#1480,#1481);
#1483=IFCRECTANGLEPROFILEDEF(.AREA.,$,#1482,0.29999999999999999,0.55000000000000004);
#1484=IFCDIRECTION((0.,0.,1.));
#1485=IFCCARTESIANPOINT((0.,0.,0.));
#1486=IFCAXIS2PLACEMENT3D(#1485,#4,#2);
#1487=IFCEXTRUDEDAREASOLID(#1483,#1486,#1484,8.);
#1488=IFCCARTESIANPOINT((8.,20.,0.));
#1489=IFCAXIS2PLACEMENT3D(#1488,#4,#3);
#1490=IFCDIRECTION((0.,1.,0.));
#1491=IFCDIRECTION((0.,0.,-1.));
#1492=IFCAXIS2PLACEMENT3D(#1488,#1490,#1491);
#1493=IFCLOCALPLACEMENT(#35,#1492);
#1494=IFCSHAPEREPRESENTATION(#7,'Body','SweptSolid',(#1487));
#1495=IFCPRODUCTDEFINITIONSHAPE($,$,(#1494));
#1496=IFCBEAM('2O2Fr$t4X7swc$UQeBY1210000000',#17,'Beam BY112','Structural steel member','W16X26',#1493,#1495,'BY112');
#1497=IFCRELCONTAINEDINSPATIALSTRUCTURE('2O2Fr$t4X7swc$UQeRBY121',#17,$,$,(#1496),#36);
#1498=IFCRELASSOCIATESMATERIAL('2O2Fr$t4X7swc$UQeMBY121',#17,$,$,(#1496),#50);
#1499=IFCCARTESIANPOINT((-0.14999999999999999,-0.27500000000000002));
#1500=IFCCARTESIANPOINT((0.,0.));
#1501=IFCDIRECTION((1.,0.));
#1502=IFCAXIS2PLACEMENT2D(#1500,#1501);
#1503=IFCRECTANGLEPROFILEDEF(.AREA.,$,#1502,0.29999999999999999,0.55000000000000004);
#1504=IFCDIRECTION((0.,0.,1.));
#1505=IFCCARTESIANPOINT((0.,0.,0.));
#1506=IFCAXIS2PLACEMENT3D(#1505,#4,#2);
#1507=IFCEXTRUDEDAREASOLID(#1503,#1506,#1504,8.);
#1508=IFCCARTESIANPOINT((16.,4.,0.));
#1509=IFCAXIS2PLACEMENT3D(#1508,#4,#3);
#1510=IFCDIRECTION((0.,1.,0.));
#1511=IFCDIRECTION((0.,0.,-1.));
#1512=IFCAXIS2PLACEMENT3D(#1508,#1510,#1511);
#1513=IFCLOCALPLACEMENT(#35,#1512);
#1514=IFCSHAPEREPRESENTATION(#7,'Body','SweptSolid',(#1507));
#1515=IFCPRODUCTDEFINITIONSHAPE($,$,(#1514));
#1516=IFCBEAM('2O2Fr$t4X7swc$UQeBY2010000000',#17,'Beam BY120','Structural steel member','W16X26',#1513,#1515,'BY120');
#1517=IFCRELCONTAINEDINSPATIALSTRUCTURE('2O2Fr$t4X7swc$UQeRBY201',#17,$,$,(#1516),#36);
#1518=IFCRELASSOCIATESMATERIAL('2O2Fr$t4X7swc$UQeMBY201',#17,$,$,(#1516),#50);
#1519=IFCCARTESIANPOINT((-0.14999999999999999,-0.27500000000000002));
#1520=IFCCARTESIANPOINT((0.,0.));
#1521=IFCDIRECTION((1.,0.));
#1522=IFCAXIS2PLACEMENT2D(#1520,#1521);
#1523=IFCRECTANGLEPROFILEDEF(.AREA.,$,#1522,0.29999999999999999,0.55000000000000004);
#1524=IFCDIRECTION((0.,0.,1.));
#1525=IFCCARTESIANPOINT((0.,0.,0.));
#1526=IFCAXIS2PLACEMENT3D(#1525,#4,#2);
#1527=IFCEXTRUDEDAREASOLID(#1523,#1526,#1524,8.);
#1528=IFCCARTESIANPOINT((16.,12.,0.));
#1529=IFCAXIS2PLACEMENT3D(#1528,#4,#3);
#1530=IFCDIRECTION((0.,1.,0.));
#1531=IFCDIRECTION((0.,0.,-1.));
#1532=IFCAXIS2PLACEMENT3D(#1528,#1530,#1531);
#1533=IFCLOCALPLACEMENT(#35,#1532);
#1534=IFCSHAPEREPRESENTATION(#7,'Body','SweptSolid',(#1527));
#1535=IFCPRODUCTDEFINITIONSHAPE($,$,(#1534));
#1536=IFCBEAM('2O2Fr$t4X7swc$UQeBY2110000000',#17,'Beam BY121','Structural steel member','W16X26',#1533,#1535,'BY121');
#1537=IFCRELCONTAINEDINSPATIALSTRUCTURE('2O2Fr$t4X7swc$UQeRBY211',#17,$,$,(#1536),#36);
#1538=IFCRELASSOCIATESMATERIAL('2O2Fr$t4X7swc$UQeMBY211',#17,$,$,(#1536),#50);
#1539=IFCCARTESIANPOINT((-0.14999999999999999,-0.27500000000000002));
#1540=IFCCARTESIANPOINT((0.,0.));
#1541=IFCDIRECTION((1.,0.));
#1542=IFCAXIS2PLACEMENT2D(#1540,#1541);
#1543=IFCRECTANGLEPROFILEDEF(.AREA.,$,#1542,0.29999999999999999,0.55000000000000004);
#1544=IFCDIRECTION((0.,0.,1.));
#1545=IFCCARTESIANPOINT((0.,0.,0.));
#1546=IFCAXIS2PLACEMENT3D(#1545,#4,#2);
#1547=IFCEXTRUDEDAREASOLID(#1543,#1546,#1544,8.);
#1548=IFCCARTESIANPOINT((16.,20.,0.));
#1549=IFCAXIS2PLACEMENT3D(#1548,#4,#3);
#1550=IFCDIRECTION((0.,1.,0.));
#1551=IFCDIRECTION((0.,0.,-1.));
#1552=IFCAXIS2PLACEMENT3D(#1548,#1550,#1551);
#1553=IFCLOCALPLACEMENT(#35,#1552);
#1554=IFCSHAPEREPRESENTATION(#7,'Body','SweptSolid',(#1547));
#1555=IFCPRODUCTDEFINITIONSHAPE($,$,(#1554));
#1556=IFCBEAM('2O2Fr$t4X7swc$UQeBY2210000000',#17,'Beam BY122','Structural steel member','W16X26',#1553,#1555,'BY122');
#1557=IFCRELCONTAINEDINSPATIALSTRUCTURE('2O2Fr$t4X7swc$UQeRBY221',#17,$,$,(#1556),#36);
#1558=IFCRELASSOCIATESMATERIAL('2O2Fr$t4X7swc$UQeMBY221',#17,$,$,(#1556),#50);
#1559=IFCCARTESIANPOINT((-0.14999999999999999,-0.27500000000000002));
#1560=IFCCARTESIANPOINT((0.,0.));
#1561=IFCDIRECTION((1.,0.));
#1562=IFCAXIS2PLACEMENT2D(#1560,#1561);
#1563=IFCRECTANGLEPROFILEDEF(.AREA.,$,#1562,0.29999999999999999,0.55000000000000004);
#1564=IFCDIRECTION((0.,0.,1.));
#1565=IFCCARTESIANPOINT((0.,0.,0.));
#1566=IFCAXIS2PLACEMENT3D(#1565,#4,#2);
#1567=IFCEXTRUDEDAREASOLID(#1563,#1566,#1564,8.);
#1568=IFCCARTESIANPOINT((24.,4.,0.));
#1569=IFCAXIS2PLACEMENT3D(#1568,#4,#3);
#1570=IFCDIRECTION((0.,1.,0.));
#1571=IFCDIRECTION((0.,0.,-1.));
#1572=IFCAXIS2PLACEMENT3D(#1568,#1570,#1571);
#1573=IFCLOCALPLACEMENT(#35,#1572);
#1574=IFCSHAPEREPRESENTATION(#7,'Body','SweptSolid',(#1567));
#1575=IFCPRODUCTDEFINITIONSHAPE($,$,(#1574));
#1576=IFCBEAM('2O2Fr$t4X7swc$UQeBY3010000000',#17,'Beam BY130','Structural steel member','W16X26',#1573,#1575,'BY130');
#1577=IFCRELCONTAINEDINSPATIALSTRUCTURE('2O2Fr$t4X7swc$UQeRBY301',#17,$,$,(#1576),#36);
#1578=IFCRELASSOCIATESMATERIAL('2O2Fr$t4X7swc$UQeMBY301',#17,$,$,(#1576),#50);
#1579=IFCCARTESIANPOINT((-0.14999999999999999,-0.27500000000000002));
#1580=IFCCARTESIANPOINT((0.,0.));
#1581=IFCDIRECTION((1.,0.));
#1582=IFCAXIS2PLACEMENT2D(#1580,#1581);
#1583=IFCRECTANGLEPROFILEDEF(.AREA.,$,#1582,0.29999999999999999,0.55000000000000004);
#1584=IFCDIRECTION((0.,0.,1.));
#1585=IFCCARTESIANPOINT((0.,0.,0.));
#1586=IFCAXIS2PLACEMENT3D(#1585,#4,#2);
#1587=IFCEXTRUDEDAREASOLID(#1583,#1586,#1584,8.);
#1588=IFCCARTESIANPOINT((24.,12.,0.));
#1589=IFCAXIS2PLACEMENT3D(#1588,#4,#3);
#1590=IFCDIRECTION((0.,1.,0.));
#1591=IFCDIRECTION((0.,0.,-1.));
#1592=IFCAXIS2PLACEMENT3D(#1588,#1590,#1591);
#1593=IFCLOCALPLACEMENT(#35,#1592);
#1594=IFCSHAPEREPRESENTATION(#7,'Body','SweptSolid',(#1587));
#1595=IFCPRODUCTDEFINITIONSHAPE($,$,(#1594));
#1596=IFCBEAM('2O2Fr$t4X7swc$UQeBY3110000000',#17,'Beam BY131','Structural steel member','W16X26',#1593,#1595,'BY131');
#1597=IFCRELCONTAINEDINSPATIALSTRUCTURE('2O2Fr$t4X7swc$UQeRBY311',#17,$,$,(#1596),#36);
#1598=IFCRELASSOCIATESMATERIAL('2O2Fr$t4X7swc$UQeMBY311',#17,$,$,(#1596),#50);
#1599=IFCCARTESIANPOINT((-0.14999999999999999,-0.27500000000000002));
#1600=IFCCARTESIANPOINT((0.,0.));
#1601=IFCDIRECTION((1.,0.));
#1602=IFCAXIS2PLACEMENT2D(#1600,#1601);
#1603=IFCRECTANGLEPROFILEDEF(.AREA.,$,#1602,0.29999999999999999,0.55000000000000004);
#1604=IFCDIRECTION((0.,0.,1.));
#1605=IFCCARTESIANPOINT((0.,0.,0.));
#1606=IFCAXIS2PLACEMENT3D(#1605,#4,#2);
#1607=IFCEXTRUDEDAREASOLID(#1603,#1606,#1604,8.);
#1608=IFCCARTESIANPOINT((24.,20.,0.));
#1609=IFCAXIS2PLACEMENT3D(#1608,#4,#3);
#1610=IFCDIRECTION((0.,1.,0.));
#1611=IFCDIRECTION((0.,0.,-1.));
#1612=IFCAXIS2PLACEMENT3D(#1608,#1610,#1611);
#1613=IFCLOCALPLACEMENT(#35,#1612);
#1614=IFCSHAPEREPRESENTATION(#7,'Body','SweptSolid',(#1607));
#1615=IFCPRODUCTDEFINITIONSHAPE($,$,(#1614));
#1616=IFCBEAM('2O2Fr$t4X7swc$UQeBY3210000000',#17,'Beam BY132','Structural steel member','W16X26',#1613,#1615,'BY132');
#1617=IFCRELCONTAINEDINSPATIALSTRUCTURE('2O2Fr$t4X7swc$UQeRBY321',#17,$,$,(#1616),#36);
#1618=IFCRELASSOCIATESMATERIAL('2O2Fr$t4X7swc$UQeMBY321',#17,$,$,(#1616),#50);
#1619=IFCCARTESIANPOINT((-0.14999999999999999,-0.27500000000000002));
#1620=IFCCARTESIANPOINT((0.,0.));
#1621=IFCDIRECTION((1.,0.));
#1622=IFCAXIS2PLACEMENT2D(#1620,#1621);
#1623=IFCRECTANGLEPROFILEDEF(.AREA.,$,#1622,0.29999999999999999,0.55000000000000004);
#1624=IFCDIRECTION((0.,0.,1.));
#1625=IFCCARTESIANPOINT((0.,0.,0.));
#1626=IFCAXIS2PLACEMENT3D(#1625,#4,#2);
#1627=IFCEXTRUDEDAREASOLID(#1623,#1626,#1624,8.);
#1628=IFCCARTESIANPOINT((4.,0.,0.));
#1629=IFCAXIS2PLACEMENT3D(#1628,#4,#2);
#1630=IFCDIRECTION((1.,0.,0.));
#1631=IFCDIRECTION((0.,0.,-1.));
#1632=IFCAXIS2PLACEMENT3D(#1628,#1630,#1631);
#1633=IFCLOCALPLACEMENT(#39,#1632);
#1634=IFCSHAPEREPRESENTATION(#7,'Body','SweptSolid',(#1627));
#1635=IFCPRODUCTDEFINITIONSHAPE($,$,(#1634));
#1636=IFCBEAM('2O2Fr$t4X7swc$UQeBX0020000000',#17,'Beam B200','Structural steel member','W21X44',#1633,#1635,'B200');
#1637=IFCRELCONTAINEDINSPATIALSTRUCTURE('2O2Fr$t4X7swc$UQeRBX002',#17,$,$,(#1636),#40);
#1638=IFCRELASSOCIATESMATERIAL('2O2Fr$t4X7swc$UQeMBX002',#17,$,$,(#1636),#50);
#1639=IFCCARTESIANPOINT((-0.14999999999999999,-0.27500000000000002));
#1640=IFCCARTESIANPOINT((0.,0.));
#1641=IFCDIRECTION((1.,0.));
#1642=IFCAXIS2PLACEMENT2D(#1640,#1641);
#1643=IFCRECTANGLEPROFILEDEF(.AREA.,$,#1642,0.29999999999999999,0.55000000000000004);
#1644=IFCDIRECTION((0.,0.,1.));
#1645=IFCCARTESIANPOINT((0.,0.,0.));
#1646=IFCAXIS2PLACEMENT3D(#1645,#4,#2);
#1647=IFCEXTRUDEDAREASOLID(#1643,#1646,#1644,8.);
#1648=IFCCARTESIANPOINT((12.,0.,0.));
#1649=IFCAXIS2PLACEMENT3D(#1648,#4,#2);
#1650=IFCDIRECTION((1.,0.,0.));
#1651=IFCDIRECTION((0.,0.,-1.));
#1652=IFCAXIS2PLACEMENT3D(#1648,#1650,#1651);
#1653=IFCLOCALPLACEMENT(#39,#1652);
#1654=IFCSHAPEREPRESENTATION(#7,'Body','SweptSolid',(#1647));
#1655=IFCPRODUCTDEFINITIONSHAPE($,$,(#1654));
#1656=IFCBEAM('2O2Fr$t4X7swc$UQeBX1020000000',#17,'Beam B210','Structural steel member','W21X44',#1653,#1655,'B210');
#1657=IFCRELCONTAINEDINSPATIALSTRUCTURE('2O2Fr$t4X7swc$UQeRBX102',#17,$,$,(#1656),#40);
#1658=IFCRELASSOCIATESMATERIAL('2O2Fr$t4X7swc$UQeMBX102',#17,$,$,(#1656),#50);
#1659=IFCCARTESIANPOINT((-0.14999999999999999,-0.27500000000000002));
#1660=IFCCARTESIANPOINT((0.,0.));
#1661=IFCDIRECTION((1.,0.));
#1662=IFCAXIS2PLACEMENT2D(#1660,#1661);
#1663=IFCRECTANGLEPROFILEDEF(.AREA.,$,#1662,0.29999999999999999,0.55000000000000004);
#1664=IFCDIRECTION((0.,0.,1.));
#1665=IFCCARTESIANPOINT((0.,0.,0.));
#1666=IFCAXIS2PLACEMENT3D(#1665,#4,#2);
#1667=IFCEXTRUDEDAREASOLID(#1663,#1666,#1664,8.);
#1668=IFCCARTESIANPOINT((20.,0.,0.));
#1669=IFCAXIS2PLACEMENT3D(#1668,#4,#2);
#1670=IFCDIRECTION((1.,0.,0.));
#1671=IFCDIRECTION((0.,0.,-1.));
#1672=IFCAXIS2PLACEMENT3D(#1668,#1670,#1671);
#1673=IFCLOCALPLACEMENT(#39,#1672);
#1674=IFCSHAPEREPRESENTATION(#7,'Body','SweptSolid',(#1667));
#1675=IFCPRODUCTDEFINITIONSHAPE($,$,(#1674));
#1676=IFCBEAM('2O2Fr$t4X7swc$UQeBX2020000000',#17,'Beam B220','Structural steel member','W21X44',#1673,#1675,'B220');
#1677=IFCRELCONTAINEDINSPATIALSTRUCTURE('2O2Fr$t4X7swc$UQeRBX202',#17,$,$,(#1676),#40);
#1678=IFCRELASSOCIATESMATERIAL('2O2Fr$t4X7swc$UQeMBX202',#17,$,$,(#1676),#50);
#1679=IFCCARTESIANPOINT((-0.14999999999999999,-0.27500000000000002));
#1680=IFCCARTESIANPOINT((0.,0.));
#1681=IFCDIRECTION((1.,0.));
#1682=IFCAXIS2PLACEMENT2D(#1680,#1681);
#1683=IFCRECTANGLEPROFILEDEF(.AREA.,$,#1682,0.29999999999999999,0.55000000000000004);
#1684=IFCDIRECTION((0.,0.,1.));
#1685=IFCCARTESIANPOINT((0.,0.,0.));
#1686=IFCAXIS2PLACEMENT3D(#1685,#4,#2);
#1687=IFCEXTRUDEDAREASOLID(#1683,#1686,#1684,8.);
#1688=IFCCARTESIANPOINT((4.,8.,0.));
#1689=IFCAXIS2PLACEMENT3D(#1688,#4,#2);
#1690=IFCDIRECTION((1.,0.,0.));
#1691=IFCDIRECTION((0.,0.,-1.));
#1692=IFCAXIS2PLACEMENT3D(#1688,#1690,#1691);
#1693=IFCLOCALPLACEMENT(#39,#1692);
#1694=IFCSHAPEREPRESENTATION(#7,'Body','SweptSolid',(#1687));
#1695=IFCPRODUCTDEFINITIONSHAPE($,$,(#1694));
#1696=IFCBEAM('2O2Fr$t4X7swc$UQeBX0120000000',#17,'Beam B201','Structural steel member','W21X44',#1693,#1695,'B201');
#1697=IFCRELCONTAINEDINSPATIALSTRUCTURE('2O2Fr$t4X7swc$UQeRBX012',#17,$,$,(#1696),#40);
#1698=IFCRELASSOCIATESMATERIAL('2O2Fr$t4X7swc$UQeMBX012',#17,$,$,(#1696),#50);
#1699=IFCCARTESIANPOINT((-0.14999999999999999,-0.27500000000000002));
#1700=IFCCARTESIANPOINT((0.,0.));
#1701=IFCDIRECTION((1.,0.));
#1702=IFCAXIS2PLACEMENT2D(#1700,#1701);
#1703=IFCRECTANGLEPROFILEDEF(.AREA.,$,#1702,0.29999999999999999,0.55000000000000004);
#1704=IFCDIRECTION((0.,0.,1.));
#1705=IFCCARTESIANPOINT((0.,0.,0.));
#1706=IFCAXIS2PLACEMENT3D(#1705,#4,#2);
#1707=IFCEXTRUDEDAREASOLID(#1703,#1706,#1704,8.);
#1708=IFCCARTESIANPOINT((12.,8.,0.));
#1709=IFCAXIS2PLACEMENT3D(#1708,#4,#2);
#1710=IFCDIRECTION((1.,0.,0.));
#1711=IFCDIRECTION((0.,0.,-1.));
#1712=IFCAXIS2PLACEMENT3D(#1708,#1710,#1711);
#1713=IFCLOCALPLACEMENT(#39,#1712);
#1714=IFCSHAPEREPRESENTATION(#7,'Body','SweptSolid',(#1707));
#1715=IFCPRODUCTDEFINITIONSHAPE($,$,(#1714));
#1716=IFCBEAM('2O2Fr$t4X7swc$UQeBX1120000000',#17,'Beam B211','Structural steel member','W21X44',#1713,#1715,'B211');
#1717=IFCRELCONTAINEDINSPATIALSTRUCTURE('2O2Fr$t4X7swc$UQeRBX112',#17,$,$,(#1716),#40);
#1718=IFCRELASSOCIATESMATERIAL('2O2Fr$t4X7swc$UQeMBX112',#17,$,$,(#1716),#50);
#1719=IFCCARTESIANPOINT((-0.14999999999999999,-0.27500000000000002));
#1720=IFCCARTESIANPOINT((0.,0.));
#1721=IFCDIRECTION((1.,0.));
#1722=IFCAXIS2PLACEMENT2D(#1720,#1721);
#1723=IFCRECTANGLEPROFILEDEF(.AREA.,$,#1722,0.29999999999999999,0.55000000000000004);
#1724=IFCDIRECTION((0.,0.,1.));
#1725=IFCCARTESIANPOINT((0.,0.,0.));
#1726=IFCAXIS2PLACEMENT3D(#1725,#4,#2);
#1727=IFCEXTRUDEDAREASOLID(#1723,#1726,#1724,8.);
#1728=IFCCARTESIANPOINT((20.,8.,0.));
#1729=IFCAXIS2PLACEMENT3D(#1728,#4,#2);
#1730=IFCDIRECTION((1.,0.,0.));
#1731=IFCDIRECTION((0.,0.,-1.));
#1732=IFCAXIS2PLACEMENT3D(#1728,#1730,#1731);
#1733=IFCLOCALPLACEMENT(#39,#1732);
#1734=IFCSHAPEREPRESENTATION(#7,'Body','SweptSolid',(#1727));
#1735=IFCPRODUCTDEFINITIONSHAPE($,$,(#1734));
#1736=IFCBEAM('2O2Fr$t4X7swc$UQeBX2120000000',#17,'Beam B221','Structural steel member','W21X44',#1733,#1735,'B221');
#1737=IFCRELCONTAINEDINSPATIALSTRUCTURE('2O2Fr$t4X7swc$UQeRBX212',#17,$,$,(#1736),#40);
#1738=IFCRELASSOCIATESMATERIAL('2O2Fr$t4X7swc$UQeMBX212',#17,$,$,(#1736),#50);
#1739=IFCCARTESIANPOINT((-0.14999999999999999,-0.27500000000000002));
#1740=IFCCARTESIANPOINT((0.,0.));
#1741=IFCDIRECTION((1.,0.));
#1742=IFCAXIS2PLACEMENT2D(#1740,#1741);
#1743=IFCRECTANGLEPROFILEDEF(.AREA.,$,#1742,0.29999999999999999,0.55000000000000004);
#1744=IFCDIRECTION((0.,0.,1.));
#1745=IFCCARTESIANPOINT((0.,0.,0.));
#1746=IFCAXIS2PLACEMENT3D(#1745,#4,#2);
#1747=IFCEXTRUDEDAREASOLID(#1743,#1746,#1744,8.);
#1748=IFCCARTESIANPOINT((4.,16.,0.));
#1749=IFCAXIS2PLACEMENT3D(#1748,#4,#2);
#1750=IFCDIRECTION((1.,0.,0.));
#1751=IFCDIRECTION((0.,0.,-1.));
#1752=IFCAXIS2PLACEMENT3D(#1748,#1750,#1751);
#1753=IFCLOCALPLACEMENT(#39,#1752);
#1754=IFCSHAPEREPRESENTATION(#7,'Body','SweptSolid',(#1747));
#1755=IFCPRODUCTDEFINITIONSHAPE($,$,(#1754));
#1756=IFCBEAM('2O2Fr$t4X7swc$UQeBX0220000000',#17,'Beam B202','Structural steel member','W21X44',#1753,#1755,'B202');
#1757=IFCRELCONTAINEDINSPATIALSTRUCTURE('2O2Fr$t4X7swc$UQeRBX022',#17,$,$,(#1756),#40);
#1758=IFCRELASSOCIATESMATERIAL('2O2Fr$t4X7swc$UQeMBX022',#17,$,$,(#1756),#50);
#1759=IFCCARTESIANPOINT((-0.14999999999999999,-0.27500000000000002));
#1760=IFCCARTESIANPOINT((0.,0.));
#1761=IFCDIRECTION((1.,0.));
#1762=IFCAXIS2PLACEMENT2D(#1760,#1761);
#1763=IFCRECTANGLEPROFILEDEF(.AREA.,$,#1762,0.29999999999999999,0.55000000000000004);
#1764=IFCDIRECTION((0.,0.,1.));
#1765=IFCCARTESIANPOINT((0.,0.,0.));
#1766=IFCAXIS2PLACEMENT3D(#1765,#4,#2);
#1767=IFCEXTRUDEDAREASOLID(#1763,#1766,#1764,8.);
#1768=IFCCARTESIANPOINT((12.,16.,0.));
#1769=IFCAXIS2PLACEMENT3D(#1768,#4,#2);
#1770=IFCDIRECTION((1.,0.,0.));
#1771=IFCDIRECTION((0.,0.,-1.));
#1772=IFCAXIS2PLACEMENT3D(#1768,#1770,#1771);
#1773=IFCLOCALPLACEMENT(#39,#1772);
#1774=IFCSHAPEREPRESENTATION(#7,'Body','SweptSolid',(#1767));
#1775=IFCPRODUCTDEFINITIONSHAPE($,$,(#1774));
#1776=IFCBEAM('2O2Fr$t4X7swc$UQeBX1220000000',#17,'Beam B212','Structural steel member','W21X44',#1773,#1775,'B212');
#1777=IFCRELCONTAINEDINSPATIALSTRUCTURE('2O2Fr$t4X7swc$UQeRBX122',#17,$,$,(#1776),#40);
#1778=IFCRELASSOCIATESMATERIAL('2O2Fr$t4X7swc$UQeMBX122',#17,$,$,(#1776),#50);
#1779=IFCCARTESIANPOINT((-0.14999999999999999,-0.27500000000000002));
#1780=IFCCARTESIANPOINT((0.,0.));
#1781=IFCDIRECTION((1.,0.));
#1782=IFCAXIS2PLACEMENT2D(#1780,#1781);
#1783=IFCRECTANGLEPROFILEDEF(.AREA.,$,#1782,0.29999999999999999,0.55000000000000004);
#1784=IFCDIRECTION((0.,0.,1.));
#1785=IFCCARTESIANPOINT((0.,0.,0.));
#1786=IFCAXIS2PLACEMENT3D(#1785,#4,#2);
#1787=IFCEXTRUDEDAREASOLID(#1783,#1786,#1784,8.);
#1788=IFCCARTESIANPOINT((20.,16.,0.));
#1789=IFCAXIS2PLACEMENT3D(#1788,#4,#2);
#1790=IFCDIRECTION((1.,0.,0.));
#1791=IFCDIRECTION((0.,0.,-1.));
#1792=IFCAXIS2PLACEMENT3D(#1788,#1790,#1791);
#1793=IFCLOCALPLACEMENT(#39,#1792);
#1794=IFCSHAPEREPRESENTATION(#7,'Body','SweptSolid',(#1787));
#1795=IFCPRODUCTDEFINITIONSHAPE($,$,(#1794));
#1796=IFCBEAM('2O2Fr$t4X7swc$UQeBX2220000000',#17,'Beam B222','Structural steel member','W21X44',#1793,#1795,'B222');
#1797=IFCRELCONTAINEDINSPATIALSTRUCTURE('2O2Fr$t4X7swc$UQeRBX222',#17,$,$,(#1796),#40);
#1798=IFCRELASSOCIATESMATERIAL('2O2Fr$t4X7swc$UQeMBX222',#17,$,$,(#1796),#50);
#1799=IFCCARTESIANPOINT((-0.14999999999999999,-0.27500000000000002));
#1800=IFCCARTESIANPOINT((0.,0.));
#1801=IFCDIRECTION((1.,0.));
#1802=IFCAXIS2PLACEMENT2D(#1800,#1801);
#1803=IFCRECTANGLEPROFILEDEF(.AREA.,$,#1802,0.29999999999999999,0.55000000000000004);
#1804=IFCDIRECTION((0.,0.,1.));
#1805=IFCCARTESIANPOINT((0.,0.,0.));
#1806=IFCAXIS2PLACEMENT3D(#1805,#4,#2);
#1807=IFCEXTRUDEDAREASOLID(#1803,#1806,#1804,8.);
#1808=IFCCARTESIANPOINT((4.,24.,0.));
#1809=IFCAXIS2PLACEMENT3D(#1808,#4,#2);
#1810=IFCDIRECTION((1.,0.,0.));
#1811=IFCDIRECTION((0.,0.,-1.));
#1812=IFCAXIS2PLACEMENT3D(#1808,#1810,#1811);
#1813=IFCLOCALPLACEMENT(#39,#1812);
#1814=IFCSHAPEREPRESENTATION(#7,'Body','SweptSolid',(#1807));
#1815=IFCPRODUCTDEFINITIONSHAPE($,$,(#1814));
#1816=IFCBEAM('2O2Fr$t4X7swc$UQeBX0320000000',#17,'Beam B203','Structural steel member','W21X44',#1813,#1815,'B203');
#1817=IFCRELCONTAINEDINSPATIALSTRUCTURE('2O2Fr$t4X7swc$UQeRBX032',#17,$,$,(#1816),#40);
#1818=IFCRELASSOCIATESMATERIAL('2O2Fr$t4X7swc$UQeMBX032',#17,$,$,(#1816),#50);
#1819=IFCCARTESIANPOINT((-0.14999999999999999,-0.27500000000000002));
#1820=IFCCARTESIANPOINT((0.,0.));
#1821=IFCDIRECTION((1.,0.));
#1822=IFCAXIS2PLACEMENT2D(#1820,#1821);
#1823=IFCRECTANGLEPROFILEDEF(.AREA.,$,#1822,0.29999999999999999,0.55000000000000004);
#1824=IFCDIRECTION((0.,0.,1.));
#1825=IFCCARTESIANPOINT((0.,0.,0.));
#1826=IFCAXIS2PLACEMENT3D(#1825,#4,#2);
#1827=IFCEXTRUDEDAREASOLID(#1823,#1826,#1824,8.);
#1828=IFCCARTESIANPOINT((12.,24.,0.));
#1829=IFCAXIS2PLACEMENT3D(#1828,#4,#2);
#1830=IFCDIRECTION((1.,0.,0.));
#1831=IFCDIRECTION((0.,0.,-1.));
#1832=IFCAXIS2PLACEMENT3D(#1828,#1830,#1831);
#1833=IFCLOCALPLACEMENT(#39,#1832);
#1834=IFCSHAPEREPRESENTATION(#7,'Body','SweptSolid',(#1827));
#1835=IFCPRODUCTDEFINITIONSHAPE($,$,(#1834));
#1836=IFCBEAM('2O2Fr$t4X7swc$UQeBX1320000000',#17,'Beam B213','Structural steel member','W21X44',#1833,#1835,'B213');
#1837=IFCRELCONTAINEDINSPATIALSTRUCTURE('2O2Fr$t4X7swc$UQeRBX132',#17,$,$,(#1836),#40);
#1838=IFCRELASSOCIATESMATERIAL('2O2Fr$t4X7swc$UQeMBX132',#17,$,$,(#1836),#50);
#1839=IFCCARTESIANPOINT((-0.14999999999999999,-0.27500000000000002));
#1840=IFCCARTESIANPOINT((0.,0.));
#1841=IFCDIRECTION((1.,0.));
#1842=IFCAXIS2PLACEMENT2D(#1840,#1841);
#1843=IFCRECTANGLEPROFILEDEF(.AREA.,$,#1842,0.29999999999999999,0.55000000000000004);
#1844=IFCDIRECTION((0.,0.,1.));
#1845=IFCCARTESIANPOINT((0.,0.,0.));
#1846=IFCAXIS2PLACEMENT3D(#1845,#4,#2);
#1847=IFCEXTRUDEDAREASOLID(#1843,#1846,#1844,8.);
#1848=IFCCARTESIANPOINT((20.,24.,0.));
#1849=IFCAXIS2PLACEMENT3D(#1848,#4,#2);
#1850=IFCDIRECTION((1.,0.,0.));
#1851=IFCDIRECTION((0.,0.,-1.));
#1852=IFCAXIS2PLACEMENT3D(#1848,#1850,#1851);
#1853=IFCLOCALPLACEMENT(#39,#1852);
#1854=IFCSHAPEREPRESENTATION(#7,'Body','SweptSolid',(#1847));
#1855=IFCPRODUCTDEFINITIONSHAPE($,$,(#1854));
#1856=IFCBEAM('2O2Fr$t4X7swc$UQeBX2320000000',#17,'Beam B223','Structural steel member','W21X44',#1853,#1855,'B223');
#1857=IFCRELCONTAINEDINSPATIALSTRUCTURE('2O2Fr$t4X7swc$UQeRBX232',#17,$,$,(#1856),#40);
#1858=IFCRELASSOCIATESMATERIAL('2O2Fr$t4X7swc$UQeMBX232',#17,$,$,(#1856),#50);
#1859=IFCCARTESIANPOINT((-0.14999999999999999,-0.27500000000000002));
#1860=IFCCARTESIANPOINT((0.,0.));
#1861=IFCDIRECTION((1.,0.));
#1862=IFCAXIS2PLACEMENT2D(#1860,#1861);
#1863=IFCRECTANGLEPROFILEDEF(.AREA.,$,#1862,0.29999999999999999,0.55000000000000004);
#1864=IFCDIRECTION((0.,0.,1.));
#1865=IFCCARTESIANPOINT((0.,0.,0.));
#1866=IFCAXIS2PLACEMENT3D(#1865,#4,#2);
#1867=IFCEXTRUDEDAREASOLID(#1863,#1866,#1864,8.);
#1868=IFCCARTESIANPOINT((0.,4.,0.));
#1869=IFCAXIS2PLACEMENT3D(#1868,#4,#3);
#1870=IFCDIRECTION((0.,1.,0.));
#1871=IFCDIRECTION((0.,0.,-1.));
#1872=IFCAXIS2PLACEMENT3D(#1868,#1870,#1871);
#1873=IFCLOCALPLACEMENT(#39,#1872);
#1874=IFCSHAPEREPRESENTATION(#7,'Body','SweptSolid',(#1867));
#1875=IFCPRODUCTDEFINITIONSHAPE($,$,(#1874));
#1876=IFCBEAM('2O2Fr$t4X7swc$UQeBY0020000000',#17,'Beam BY200','Structural steel member','W16X26',#1873,#1875,'BY200');
#1877=IFCRELCONTAINEDINSPATIALSTRUCTURE('2O2Fr$t4X7swc$UQeRBY002',#17,$,$,(#1876),#40);
#1878=IFCRELASSOCIATESMATERIAL('2O2Fr$t4X7swc$UQeMBY002',#17,$,$,(#1876),#50);
#1879=IFCCARTESIANPOINT((-0.14999999999999999,-0.27500000000000002));
#1880=IFCCARTESIANPOINT((0.,0.));
#1881=IFCDIRECTION((1.,0.));
#1882=IFCAXIS2PLACEMENT2D(#1880,#1881);
#1883=IFCRECTANGLEPROFILEDEF(.AREA.,$,#1882,0.29999999999999999,0.55000000000000004);
#1884=IFCDIRECTION((0.,0.,1.));
#1885=IFCCARTESIANPOINT((0.,0.,0.));
#1886=IFCAXIS2PLACEMENT3D(#1885,#4,#2);
#1887=IFCEXTRUDEDAREASOLID(#1883,#1886,#1884,8.);
#1888=IFCCARTESIANPOINT((0.,12.,0.));
#1889=IFCAXIS2PLACEMENT3D(#1888,#4,#3);
#1890=IFCDIRECTION((0.,1.,0.));
#1891=IFCDIRECTION((0.,0.,-1.));
#1892=IFCAXIS2PLACEMENT3D(#1888,#1890,#1891);
#1893=IFCLOCALPLACEMENT(#39,#1892);
#1894=IFCSHAPEREPRESENTATION(#7,'Body','SweptSolid',(#1887));
#1895=IFCPRODUCTDEFINITIONSHAPE($,$,(#1894));
#1896=IFCBEAM('2O2Fr$t4X7swc$UQeBY0120000000',#17,'Beam BY201','Structural steel member','W16X26',#1893,#1895,'BY201');
#1897=IFCRELCONTAINEDINSPATIALSTRUCTURE('2O2Fr$t4X7swc$UQeRBY012',#17,$,$,(#1896),#40);
#1898=IFCRELASSOCIATESMATERIAL('2O2Fr$t4X7swc$UQeMBY012',#17,$,$,(#1896),#50);
#1899=IFCCARTESIANPOINT((-0.14999999999999999,-0.27500000000000002));
#1900=IFCCARTESIANPOINT((0.,0.));
#1901=IFCDIRECTION((1.,0.));
#1902=IFCAXIS2PLACEMENT2D(#1900,#1901);
#1903=IFCRECTANGLEPROFILEDEF(.AREA.,$,#1902,0.29999999999999999,0.55000000000000004);
#1904=IFCDIRECTION((0.,0.,1.));
#1905=IFCCARTESIANPOINT((0.,0.,0.));
#1906=IFCAXIS2PLACEMENT3D(#1905,#4,#2);
#1907=IFCEXTRUDEDAREASOLID(#1903,#1906,#1904,8.);
#1908=IFCCARTESIANPOINT((0.,20.,0.));
#1909=IFCAXIS2PLACEMENT3D(#1908,#4,#3);
#1910=IFCDIRECTION((0.,1.,0.));
#1911=IFCDIRECTION((0.,0.,-1.));
#1912=IFCAXIS2PLACEMENT3D(#1908,#1910,#1911);
#1913=IFCLOCALPLACEMENT(#39,#1912);
#1914=IFCSHAPEREPRESENTATION(#7,'Body','SweptSolid',(#1907));
#1915=IFCPRODUCTDEFINITIONSHAPE($,$,(#1914));
#1916=IFCBEAM('2O2Fr$t4X7swc$UQeBY0220000000',#17,'Beam BY202','Structural steel member','W16X26',#1913,#1915,'BY202');
#1917=IFCRELCONTAINEDINSPATIALSTRUCTURE('2O2Fr$t4X7swc$UQeRBY022',#17,$,$,(#1916),#40);
#1918=IFCRELASSOCIATESMATERIAL('2O2Fr$t4X7swc$UQeMBY022',#17,$,$,(#1916),#50);
#1919=IFCCARTESIANPOINT((-0.14999999999999999,-0.27500000000000002));
#1920=IFCCARTESIANPOINT((0.,0.));
#1921=IFCDIRECTION((1.,0.));
#1922=IFCAXIS2PLACEMENT2D(#1920,#1921);
#1923=IFCRECTANGLEPROFILEDEF(.AREA.,$,#1922,0.29999999999999999,0.55000000000000004);
#1924=IFCDIRECTION((0.,0.,1.));
#1925=IFCCARTESIANPOINT((0.,0.,0.));
#1926=IFCAXIS2PLACEMENT3D(#1925,#4,#2);
#1927=IFCEXTRUDEDAREASOLID(#1923,#1926,#1924,8.);
#1928=IFCCARTESIANPOINT((8.,4.,0.));
#1929=IFCAXIS2PLACEMENT3D(#1928,#4,#3);
#1930=IFCDIRECTION((0.,1.,0.));
#1931=IFCDIRECTION((0.,0.,-1.));
#1932=IFCAXIS2PLACEMENT3D(#1928,#1930,#1931);
#1933=IFCLOCALPLACEMENT(#39,#1932);
#1934=IFCSHAPEREPRESENTATION(#7,'Body','SweptSolid',(#1927));
#1935=IFCPRODUCTDEFINITIONSHAPE($,$,(#1934));
#1936=IFCBEAM('2O2Fr$t4X7swc$UQeBY1020000000',#17,'Beam BY210','Structural steel member','W16X26',#1933,#1935,'BY210');
#1937=IFCRELCONTAINEDINSPATIALSTRUCTURE('2O2Fr$t4X7swc$UQeRBY102',#17,$,$,(#1936),#40);
#1938=IFCRELASSOCIATESMATERIAL('2O2Fr$t4X7swc$UQeMBY102',#17,$,$,(#1936),#50);
#1939=IFCCARTESIANPOINT((-0.14999999999999999,-0.27500000000000002));
#1940=IFCCARTESIANPOINT((0.,0.));
#1941=IFCDIRECTION((1.,0.));
#1942=IFCAXIS2PLACEMENT2D(#1940,#1941);
#1943=IFCRECTANGLEPROFILEDEF(.AREA.,$,#1942,0.29999999999999999,0.55000000000000004);
#1944=IFCDIRECTION((0.,0.,1.));
#1945=IFCCARTESIANPOINT((0.,0.,0.));
#1946=IFCAXIS2PLACEMENT3D(#1945,#4,#2);
#1947=IFCEXTRUDEDAREASOLID(#1943,#1946,#1944,8.);
#1948=IFCCARTESIANPOINT((8.,12.,0.));
#1949=IFCAXIS2PLACEMENT3D(#1948,#4,#3);
#1950=IFCDIRECTION((0.,1.,0.));
#1951=IFCDIRECTION((0.,0.,-1.));
#1952=IFCAXIS2PLACEMENT3D(#1948,#1950,#1951);
#1953=IFCLOCALPLACEMENT(#39,#1952);
#1954=IFCSHAPEREPRESENTATION(#7,'Body','SweptSolid',(#1947));
#1955=IFCPRODUCTDEFINITIONSHAPE($,$,(#1954));
#1956=IFCBEAM('2O2Fr$t4X7swc$UQeBY1120000000',#17,'Beam BY211','Structural steel member','W16X26',#1953,#1955,'BY211');
#1957=IFCRELCONTAINEDINSPATIALSTRUCTURE('2O2Fr$t4X7swc$UQeRBY112',#17,$,$,(#1956),#40);
#1958=IFCRELASSOCIATESMATERIAL('2O2Fr$t4X7swc$UQeMBY112',#17,$,$,(#1956),#50);
#1959=IFCCARTESIANPOINT((-0.14999999999999999,-0.27500000000000002));
#1960=IFCCARTESIANPOINT((0.,0.));
#1961=IFCDIRECTION((1.,0.));
#1962=IFCAXIS2PLACEMENT2D(#1960,#1961);
#1963=IFCRECTANGLEPROFILEDEF(.AREA.,$,#1962,0.29999999999999999,0.55000000000000004);
#1964=IFCDIRECTION((0.,0.,1.));
#1965=IFCCARTESIANPOINT((0.,0.,0.));
#1966=IFCAXIS2PLACEMENT3D(#1965,#4,#2);
#1967=IFCEXTRUDEDAREASOLID(#1963,#1966,#1964,8.);
#1968=IFCCARTESIANPOINT((8.,20.,0.));
#1969=IFCAXIS2PLACEMENT3D(#1968,#4,#3);
#1970=IFCDIRECTION((0.,1.,0.));
#1971=IFCDIRECTION((0.,0.,-1.));
#1972=IFCAXIS2PLACEMENT3D(#1968,#1970,#1971);
#1973=IFCLOCALPLACEMENT(#39,#1972);
#1974=IFCSHAPEREPRESENTATION(#7,'Body','SweptSolid',(#1967));
#1975=IFCPRODUCTDEFINITIONSHAPE($,$,(#1974));
#1976=IFCBEAM('2O2Fr$t4X7swc$UQeBY1220000000',#17,'Beam BY212','Structural steel member','W16X26',#1973,#1975,'BY212');
#1977=IFCRELCONTAINEDINSPATIALSTRUCTURE('2O2Fr$t4X7swc$UQeRBY122',#17,$,$,(#1976),#40);
#1978=IFCRELASSOCIATESMATERIAL('2O2Fr$t4X7swc$UQeMBY122',#17,$,$,(#1976),#50);
#1979=IFCCARTESIANPOINT((-0.14999999999999999,-0.27500000000000002));
#1980=IFCCARTESIANPOINT((0.,0.));
#1981=IFCDIRECTION((1.,0.));
#1982=IFCAXIS2PLACEMENT2D(#1980,#1981);
#1983=IFCRECTANGLEPROFILEDEF(.AREA.,$,#1982,0.29999999999999999,0.55000000000000004);
#1984=IFCDIRECTION((0.,0.,1.));
#1985=IFCCARTESIANPOINT((0.,0.,0.));
#1986=IFCAXIS2PLACEMENT3D(#1985,#4,#2);
#1987=IFCEXTRUDEDAREASOLID(#1983,#1986,#1984,8.);
#1988=IFCCARTESIANPOINT((16.,4.,0.));
#1989=IFCAXIS2PLACEMENT3D(#1988,#4,#3);
#1990=IFCDIRECTION((0.,1.,0.));
#1991=IFCDIRECTION((0.,0.,-1.));
#1992=IFCAXIS2PLACEMENT3D(#1988,#1990,#1991);
#1993=IFCLOCALPLACEMENT(#39,#1992);
#1994=IFCSHAPEREPRESENTATION(#7,'Body','SweptSolid',(#1987));
#1995=IFCPRODUCTDEFINITIONSHAPE($,$,(#1994));
#1996=IFCBEAM('2O2Fr$t4X7swc$UQeBY2020000000',#17,'Beam BY220','Structural steel member','W16X26',#1993,#1995,'BY220');
#1997=IFCRELCONTAINEDINSPATIALSTRUCTURE('2O2Fr$t4X7swc$UQeRBY202',#17,$,$,(#1996),#40);
#1998=IFCRELASSOCIATESMATERIAL('2O2Fr$t4X7swc$UQeMBY202',#17,$,$,(#1996),#50);
#1999=IFCCARTESIANPOINT((-0.14999999999999999,-0.27500000000000002));
#2000=IFCCARTESIANPOINT((0.,0.));
#2001=IFCDIRECTION((1.,0.));
#2002=IFCAXIS2PLACEMENT2D(#2000,#2001);
#2003=IFCRECTANGLEPROFILEDEF(.AREA.,$,#2002,0.29999999999999999,0.55000000000000004);
#2004=IFCDIRECTION((0.,0.,1.));
#2005=IFCCARTESIANPOINT((0.,0.,0.));
#2006=IFCAXIS2PLACEMENT3D(#2005,#4,#2);
#2007=IFCEXTRUDEDAREASOLID(#2003,#2006,#2004,8.);
#2008=IFCCARTESIANPOINT((16.,12.,0.));
#2009=IFCAXIS2PLACEMENT3D(#2008,#4,#3);
#2010=IFCDIRECTION((0.,1.,0.));
#2011=IFCDIRECTION((0.,0.,-1.));
#2012=IFCAXIS2PLACEMENT3D(#2008,#2010,#2011);
#2013=IFCLOCALPLACEMENT(#39,#2012);
#2014=IFCSHAPEREPRESENTATION(#7,'Body','SweptSolid',(#2007));
#2015=IFCPRODUCTDEFINITIONSHAPE($,$,(#2014));
#2016=IFCBEAM('2O2Fr$t4X7swc$UQeBY2120000000',#17,'Beam BY221','Structural steel member','W16X26',#2013,#2015,'BY221');
#2017=IFCRELCONTAINEDINSPATIALSTRUCTURE('2O2Fr$t4X7swc$UQeRBY212',#17,$,$,(#2016),#40);
#2018=IFCRELASSOCIATESMATERIAL('2O2Fr$t4X7swc$UQeMBY212',#17,$,$,(#2016),#50);
#2019=IFCCARTESIANPOINT((-0.14999999999999999,-0.27500000000000002));
#2020=IFCCARTESIANPOINT((0.,0.));
#2021=IFCDIRECTION((1.,0.));
#2022=IFCAXIS2PLACEMENT2D(#2020,#2021);
#2023=IFCRECTANGLEPROFILEDEF(.AREA.,$,#2022,0.29999999999999999,0.55000000000000004);
#2024=IFCDIRECTION((0.,0.,1.));
#2025=IFCCARTESIANPOINT((0.,0.,0.));
#2026=IFCAXIS2PLACEMENT3D(#2025,#4,#2);
#2027=IFCEXTRUDEDAREASOLID(#2023,#2026,#2024,8.);
#2028=IFCCARTESIANPOINT((16.,20.,0.));
#2029=IFCAXIS2PLACEMENT3D(#2028,#4,#3);
#2030=IFCDIRECTION((0.,1.,0.));
#2031=IFCDIRECTION((0.,0.,-1.));
#2032=IFCAXIS2PLACEMENT3D(#2028,#2030,#2031);
#2033=IFCLOCALPLACEMENT(#39,#2032);
#2034=IFCSHAPEREPRESENTATION(#7,'Body','SweptSolid',(#2027));
#2035=IFCPRODUCTDEFINITIONSHAPE($,$,(#2034));
#2036=IFCBEAM('2O2Fr$t4X7swc$UQeBY2220000000',#17,'Beam BY222','Structural steel member','W16X26',#2033,#2035,'BY222');
#2037=IFCRELCONTAINEDINSPATIALSTRUCTURE('2O2Fr$t4X7swc$UQeRBY222',#17,$,$,(#2036),#40);
#2038=IFCRELASSOCIATESMATERIAL('2O2Fr$t4X7swc$UQeMBY222',#17,$,$,(#2036),#50);
#2039=IFCCARTESIANPOINT((-0.14999999999999999,-0.27500000000000002));
#2040=IFCCARTESIANPOINT((0.,0.));
#2041=IFCDIRECTION((1.,0.));
#2042=IFCAXIS2PLACEMENT2D(#2040,#2041);
#2043=IFCRECTANGLEPROFILEDEF(.AREA.,$,#2042,0.29999999999999999,0.55000000000000004);
#2044=IFCDIRECTION((0.,0.,1.));
#2045=IFCCARTESIANPOINT((0.,0.,0.));
#2046=IFCAXIS2PLACEMENT3D(#2045,#4,#2);
#2047=IFCEXTRUDEDAREASOLID(#2043,#2046,#2044,8.);
#2048=IFCCARTESIANPOINT((24.,4.,0.));
#2049=IFCAXIS2PLACEMENT3D(#2048,#4,#3);
#2050=IFCDIRECTION((0.,1.,0.));
#2051=IFCDIRECTION((0.,0.,-1.));
#2052=IFCAXIS2PLACEMENT3D(#2048,#2050,#2051);
#2053=IFCLOCALPLACEMENT(#39,#2052);
#2054=IFCSHAPEREPRESENTATION(#7,'Body','SweptSolid',(#2047));
#2055=IFCPRODUCTDEFINITIONSHAPE($,$,(#2054));
#2056=IFCBEAM('2O2Fr$t4X7swc$UQeBY3020000000',#17,'Beam BY230','Structural steel member','W16X26',#2053,#2055,'BY230');
#2057=IFCRELCONTAINEDINSPATIALSTRUCTURE('2O2Fr$t4X7swc$UQeRBY302',#17,$,$,(#2056),#40);
#2058=IFCRELASSOCIATESMATERIAL('2O2Fr$t4X7swc$UQeMBY302',#17,$,$,(#2056),#50);
#2059=IFCCARTESIANPOINT((-0.14999999999999999,-0.27500000000000002));
#2060=IFCCARTESIANPOINT((0.,0.));
#2061=IFCDIRECTION((1.,0.));
#2062=IFCAXIS2PLACEMENT2D(#2060,#2061);
#2063=IFCRECTANGLEPROFILEDEF(.AREA.,$,#2062,0.29999999999999999,0.55000000000000004);
#2064=IFCDIRECTION((0.,0.,1.));
#2065=IFCCARTESIANPOINT((0.,0.,0.));
#2066=IFCAXIS2PLACEMENT3D(#2065,#4,#2);
#2067=IFCEXTRUDEDAREASOLID(#2063,#2066,#2064,8.);
#2068=IFCCARTESIANPOINT((24.,12.,0.));
#2069=IFCAXIS2PLACEMENT3D(#2068,#4,#3);
#2070=IFCDIRECTION((0.,1.,0.));
#2071=IFCDIRECTION((0.,0.,-1.));
#2072=IFCAXIS2PLACEMENT3D(#2068,#2070,#2071);
#2073=IFCLOCALPLACEMENT(#39,#2072);
#2074=IFCSHAPEREPRESENTATION(#7,'Body','SweptSolid',(#2067));
#2075=IFCPRODUCTDEFINITIONSHAPE($,$,(#2074));
#2076=IFCBEAM('2O2Fr$t4X7swc$UQeBY3120000000',#17,'Beam BY231','Structural steel member','W16X26',#2073,#2075,'BY231');
#2077=IFCRELCONTAINEDINSPATIALSTRUCTURE('2O2Fr$t4X7swc$UQeRBY312',#17,$,$,(#2076),#40);
#2078=IFCRELASSOCIATESMATERIAL('2O2Fr$t4X7swc$UQeMBY312',#17,$,$,(#2076),#50);
#2079=IFCCARTESIANPOINT((-0.14999999999999999,-0.27500000000000002));
#2080=IFCCARTESIANPOINT((0.,0.));
#2081=IFCDIRECTION((1.,0.));
#2082=IFCAXIS2PLACEMENT2D(#2080,#2081);
#2083=IFCRECTANGLEPROFILEDEF(.AREA.,$,#2082,0.29999999999999999,0.55000000000000004);
#2084=IFCDIRECTION((0.,0.,1.));
#2085=IFCCARTESIANPOINT((0.,0.,0.));
#2086=IFCAXIS2PLACEMENT3D(#2085,#4,#2);
#2087=IFCEXTRUDEDAREASOLID(#2083,#2086,#2084,8.);
#2088=IFCCARTESIANPOINT((24.,20.,0.));
#2089=IFCAXIS2PLACEMENT3D(#2088,#4,#3);
#2090=IFCDIRECTION((0.,1.,0.));
#2091=IFCDIRECTION((0.,0.,-1.));
#2092=IFCAXIS2PLACEMENT3D(#2088,#2090,#2091);
#2093=IFCLOCALPLACEMENT(#39,#2092);
#2094=IFCSHAPEREPRESENTATION(#7,'Body','SweptSolid',(#2087));
#2095=IFCPRODUCTDEFINITIONSHAPE($,$,(#2094));
#2096=IFCBEAM('2O2Fr$t4X7swc$UQeBY3220000000',#17,'Beam BY232','Structural steel member','W16X26',#2093,#2095,'BY232');
#2097=IFCRELCONTAINEDINSPATIALSTRUCTURE('2O2Fr$t4X7swc$UQeRBY322',#17,$,$,(#2096),#40);
#2098=IFCRELASSOCIATESMATERIAL('2O2Fr$t4X7swc$UQeMBY322',#17,$,$,(#2096),#50);
#2099=IFCCARTESIANPOINT((-0.14999999999999999,-0.27500000000000002));
#2100=IFCCARTESIANPOINT((0.,0.));
#2101=IFCDIRECTION((1.,0.));
#2102=IFCAXIS2PLACEMENT2D(#2100,#2101);
#2103=IFCRECTANGLEPROFILEDEF(.AREA.,$,#2102,0.29999999999999999,0.55000000000000004);
#2104=IFCDIRECTION((0.,0.,1.));
#2105=IFCCARTESIANPOINT((0.,0.,0.));
#2106=IFCAXIS2PLACEMENT3D(#2105,#4,#2);
#2107=IFCEXTRUDEDAREASOLID(#2103,#2106,#2104,8.);
#2108=IFCCARTESIANPOINT((4.,0.,0.));
#2109=IFCAXIS2PLACEMENT3D(#2108,#4,#2);
#2110=IFCDIRECTION((1.,0.,0.));
#2111=IFCDIRECTION((0.,0.,-1.));
#2112=IFCAXIS2PLACEMENT3D(#2108,#2110,#2111);
#2113=IFCLOCALPLACEMENT(#43,#2112);
#2114=IFCSHAPEREPRESENTATION(#7,'Body','SweptSolid',(#2107));
#2115=IFCPRODUCTDEFINITIONSHAPE($,$,(#2114));
#2116=IFCBEAM('2O2Fr$t4X7swc$UQeBX0030000000',#17,'Beam B300','Structural steel member','W21X44',#2113,#2115,'B300');
#2117=IFCRELCONTAINEDINSPATIALSTRUCTURE('2O2Fr$t4X7swc$UQeRBX003',#17,$,$,(#2116),#44);
#2118=IFCRELASSOCIATESMATERIAL('2O2Fr$t4X7swc$UQeMBX003',#17,$,$,(#2116),#50);
#2119=IFCCARTESIANPOINT((-0.14999999999999999,-0.27500000000000002));
#2120=IFCCARTESIANPOINT((0.,0.));
#2121=IFCDIRECTION((1.,0.));
#2122=IFCAXIS2PLACEMENT2D(#2120,#2121);
#2123=IFCRECTANGLEPROFILEDEF(.AREA.,$,#2122,0.29999999999999999,0.55000000000000004);
#2124=IFCDIRECTION((0.,0.,1.));
#2125=IFCCARTESIANPOINT((0.,0.,0.));
#2126=IFCAXIS2PLACEMENT3D(#2125,#4,#2);
#2127=IFCEXTRUDEDAREASOLID(#2123,#2126,#2124,8.);
#2128=IFCCARTESIANPOINT((12.,0.,0.));
#2129=IFCAXIS2PLACEMENT3D(#2128,#4,#2);
#2130=IFCDIRECTION((1.,0.,0.));
#2131=IFCDIRECTION((0.,0.,-1.));
#2132=IFCAXIS2PLACEMENT3D(#2128,#2130,#2131);
#2133=IFCLOCALPLACEMENT(#43,#2132);
#2134=IFCSHAPEREPRESENTATION(#7,'Body','SweptSolid',(#2127));
#2135=IFCPRODUCTDEFINITIONSHAPE($,$,(#2134));
#2136=IFCBEAM('2O2Fr$t4X7swc$UQeBX1030000000',#17,'Beam B310','Structural steel member','W21X44',#2133,#2135,'B310');
#2137=IFCRELCONTAINEDINSPATIALSTRUCTURE('2O2Fr$t4X7swc$UQeRBX103',#17,$,$,(#2136),#44);
#2138=IFCRELASSOCIATESMATERIAL('2O2Fr$t4X7swc$UQeMBX103',#17,$,$,(#2136),#50);
#2139=IFCCARTESIANPOINT((-0.14999999999999999,-0.27500000000000002));
#2140=IFCCARTESIANPOINT((0.,0.));
#2141=IFCDIRECTION((1.,0.));
#2142=IFCAXIS2PLACEMENT2D(#2140,#2141);
#2143=IFCRECTANGLEPROFILEDEF(.AREA.,$,#2142,0.29999999999999999,0.55000000000000004);
#2144=IFCDIRECTION((0.,0.,1.));
#2145=IFCCARTESIANPOINT((0.,0.,0.));
#2146=IFCAXIS2PLACEMENT3D(#2145,#4,#2);
#2147=IFCEXTRUDEDAREASOLID(#2143,#2146,#2144,8.);
#2148=IFCCARTESIANPOINT((20.,0.,0.));
#2149=IFCAXIS2PLACEMENT3D(#2148,#4,#2);
#2150=IFCDIRECTION((1.,0.,0.));
#2151=IFCDIRECTION((0.,0.,-1.));
#2152=IFCAXIS2PLACEMENT3D(#2148,#2150,#2151);
#2153=IFCLOCALPLACEMENT(#43,#2152);
#2154=IFCSHAPEREPRESENTATION(#7,'Body','SweptSolid',(#2147));
#2155=IFCPRODUCTDEFINITIONSHAPE($,$,(#2154));
#2156=IFCBEAM('2O2Fr$t4X7swc$UQeBX2030000000',#17,'Beam B320','Structural steel member','W21X44',#2153,#2155,'B320');
#2157=IFCRELCONTAINEDINSPATIALSTRUCTURE('2O2Fr$t4X7swc$UQeRBX203',#17,$,$,(#2156),#44);
#2158=IFCRELASSOCIATESMATERIAL('2O2Fr$t4X7swc$UQeMBX203',#17,$,$,(#2156),#50);
#2159=IFCCARTESIANPOINT((-0.14999999999999999,-0.27500000000000002));
#2160=IFCCARTESIANPOINT((0.,0.));
#2161=IFCDIRECTION((1.,0.));
#2162=IFCAXIS2PLACEMENT2D(#2160,#2161);
#2163=IFCRECTANGLEPROFILEDEF(.AREA.,$,#2162,0.29999999999999999,0.55000000000000004);
#2164=IFCDIRECTION((0.,0.,1.));
#2165=IFCCARTESIANPOINT((0.,0.,0.));
#2166=IFCAXIS2PLACEMENT3D(#2165,#4,#2);
#2167=IFCEXTRUDEDAREASOLID(#2163,#2166,#2164,8.);
#2168=IFCCARTESIANPOINT((4.,8.,0.));
#2169=IFCAXIS2PLACEMENT3D(#2168,#4,#2);
#2170=IFCDIRECTION((1.,0.,0.));
#2171=IFCDIRECTION((0.,0.,-1.));
#2172=IFCAXIS2PLACEMENT3D(#2168,#2170,#2171);
#2173=IFCLOCALPLACEMENT(#43,#2172);
#2174=IFCSHAPEREPRESENTATION(#7,'Body','SweptSolid',(#2167));
#2175=IFCPRODUCTDEFINITIONSHAPE($,$,(#2174));
#2176=IFCBEAM('2O2Fr$t4X7swc$UQeBX0130000000',#17,'Beam B301','Structural steel member','W21X44',#2173,#2175,'B301');
#2177=IFCRELCONTAINEDINSPATIALSTRUCTURE('2O2Fr$t4X7swc$UQeRBX013',#17,$,$,(#2176),#44);
#2178=IFCRELASSOCIATESMATERIAL('2O2Fr$t4X7swc$UQeMBX013',#17,$,$,(#2176),#50);
#2179=IFCCARTESIANPOINT((-0.14999999999999999,-0.27500000000000002));
#2180=IFCCARTESIANPOINT((0.,0.));
#2181=IFCDIRECTION((1.,0.));
#2182=IFCAXIS2PLACEMENT2D(#2180,#2181);
#2183=IFCRECTANGLEPROFILEDEF(.AREA.,$,#2182,0.29999999999999999,0.55000000000000004);
#2184=IFCDIRECTION((0.,0.,1.));
#2185=IFCCARTESIANPOINT((0.,0.,0.));
#2186=IFCAXIS2PLACEMENT3D(#2185,#4,#2);
#2187=IFCEXTRUDEDAREASOLID(#2183,#2186,#2184,8.);
#2188=IFCCARTESIANPOINT((12.,8.,0.));
#2189=IFCAXIS2PLACEMENT3D(#2188,#4,#2);
#2190=IFCDIRECTION((1.,0.,0.));
#2191=IFCDIRECTION((0.,0.,-1.));
#2192=IFCAXIS2PLACEMENT3D(#2188,#2190,#2191);
#2193=IFCLOCALPLACEMENT(#43,#2192);
#2194=IFCSHAPEREPRESENTATION(#7,'Body','SweptSolid',(#2187));
#2195=IFCPRODUCTDEFINITIONSHAPE($,$,(#2194));
#2196=IFCBEAM('2O2Fr$t4X7swc$UQeBX1130000000',#17,'Beam B311','Structural steel member','W21X44',#2193,#2195,'B311');
#2197=IFCRELCONTAINEDINSPATIALSTRUCTURE('2O2Fr$t4X7swc$UQeRBX113',#17,$,$,(#2196),#44);
#2198=IFCRELASSOCIATESMATERIAL('2O2Fr$t4X7swc$UQeMBX113',#17,$,$,(#2196),#50);
#2199=IFCCARTESIANPOINT((-0.14999999999999999,-0.27500000000000002));
#2200=IFCCARTESIANPOINT((0.,0.));
#2201=IFCDIRECTION((1.,0.));
#2202=IFCAXIS2PLACEMENT2D(#2200,#2201);
#2203=IFCRECTANGLEPROFILEDEF(.AREA.,$,#2202,0.29999999999999999,0.55000000000000004);
#2204=IFCDIRECTION((0.,0.,1.));
#2205=IFCCARTESIANPOINT((0.,0.,0.));
#2206=IFCAXIS2PLACEMENT3D(#2205,#4,#2);
#2207=IFCEXTRUDEDAREASOLID(#2203,#2206,#2204,8.);
#2208=IFCCARTESIANPOINT((20.,8.,0.));
#2209=IFCAXIS2PLACEMENT3D(#2208,#4,#2);
#2210=IFCDIRECTION((1.,0.,0.));
#2211=IFCDIRECTION((0.,0.,-1.));
#2212=IFCAXIS2PLACEMENT3D(#2208,#2210,#2211);
#2213=IFCLOCALPLACEMENT(#43,#2212);
#2214=IFCSHAPEREPRESENTATION(#7,'Body','SweptSolid',(#2207));
#2215=IFCPRODUCTDEFINITIONSHAPE($,$,(#2214));
#2216=IFCBEAM('2O2Fr$t4X7swc$UQeBX2130000000',#17,'Beam B321','Structural steel member','W21X44',#2213,#2215,'B321');
#2217=IFCRELCONTAINEDINSPATIALSTRUCTURE('2O2Fr$t4X7swc$UQeRBX213',#17,$,$,(#2216),#44);
#2218=IFCRELASSOCIATESMATERIAL('2O2Fr$t4X7swc$UQeMBX213',#17,$,$,(#2216),#50);
#2219=IFCCARTESIANPOINT((-0.14999999999999999,-0.27500000000000002));
#2220=IFCCARTESIANPOINT((0.,0.));
#2221=IFCDIRECTION((1.,0.));
#2222=IFCAXIS2PLACEMENT2D(#2220,#2221);
#2223=IFCRECTANGLEPROFILEDEF(.AREA.,$,#2222,0.29999999999999999,0.55000000000000004);
#2224=IFCDIRECTION((0.,0.,1.));
#2225=IFCCARTESIANPOINT((0.,0.,0.));
#2226=IFCAXIS2PLACEMENT3D(#2225,#4,#2);
#2227=IFCEXTRUDEDAREASOLID(#2223,#2226,#2224,8.);
#2228=IFCCARTESIANPOINT((4.,16.,0.));
#2229=IFCAXIS2PLACEMENT3D(#2228,#4,#2);
#2230=IFCDIRECTION((1.,0.,0.));
#2231=IFCDIRECTION((0.,0.,-1.));
#2232=IFCAXIS2PLACEMENT3D(#2228,#2230,#2231);
#2233=IFCLOCALPLACEMENT(#43,#2232);
#2234=IFCSHAPEREPRESENTATION(#7,'Body','SweptSolid',(#2227));
#2235=IFCPRODUCTDEFINITIONSHAPE($,$,(#2234));
#2236=IFCBEAM('2O2Fr$t4X7swc$UQeBX0230000000',#17,'Beam B302','Structural steel member','W21X44',#2233,#2235,'B302');
#2237=IFCRELCONTAINEDINSPATIALSTRUCTURE('2O2Fr$t4X7swc$UQeRBX023',#17,$,$,(#2236),#44);
#2238=IFCRELASSOCIATESMATERIAL('2O2Fr$t4X7swc$UQeMBX023',#17,$,$,(#2236),#50);
#2239=IFCCARTESIANPOINT((-0.14999999999999999,-0.27500000000000002));
#2240=IFCCARTESIANPOINT((0.,0.));
#2241=IFCDIRECTION((1.,0.));
#2242=IFCAXIS2PLACEMENT2D(#2240,#2241);
#2243=IFCRECTANGLEPROFILEDEF(.AREA.,$,#2242,0.29999999999999999,0.55000000000000004);
#2244=IFCDIRECTION((0.,0.,1.));
#2245=IFCCARTESIANPOINT((0.,0.,0.));
#2246=IFCAXIS2PLACEMENT3D(#2245,#4,#2);
#2247=IFCEXTRUDEDAREASOLID(#2243,#2246,#2244,8.);
#2248=IFCCARTESIANPOINT((12.,16.,0.));
#2249=IFCAXIS2PLACEMENT3D(#2248,#4,#2);
#2250=IFCDIRECTION((1.,0.,0.));
#2251=IFCDIRECTION((0.,0.,-1.));
#2252=IFCAXIS2PLACEMENT3D(#2248,#2250,#2251);
#2253=IFCLOCALPLACEMENT(#43,#2252);
#2254=IFCSHAPEREPRESENTATION(#7,'Body','SweptSolid',(#2247));
#2255=IFCPRODUCTDEFINITIONSHAPE($,$,(#2254));
#2256=IFCBEAM('2O2Fr$t4X7swc$UQeBX1230000000',#17,'Beam B312','Structural steel member','W21X44',#2253,#2255,'B312');
#2257=IFCRELCONTAINEDINSPATIALSTRUCTURE('2O2Fr$t4X7swc$UQeRBX123',#17,$,$,(#2256),#44);
#2258=IFCRELASSOCIATESMATERIAL('2O2Fr$t4X7swc$UQeMBX123',#17,$,$,(#2256),#50);
#2259=IFCCARTESIANPOINT((-0.14999999999999999,-0.27500000000000002));
#2260=IFCCARTESIANPOINT((0.,0.));
#2261=IFCDIRECTION((1.,0.));
#2262=IFCAXIS2PLACEMENT2D(#2260,#2261);
#2263=IFCRECTANGLEPROFILEDEF(.AREA.,$,#2262,0.29999999999999999,0.55000000000000004);
#2264=IFCDIRECTION((0.,0.,1.));
#2265=IFCCARTESIANPOINT((0.,0.,0.));
#2266=IFCAXIS2PLACEMENT3D(#2265,#4,#2);
#2267=IFCEXTRUDEDAREASOLID(#2263,#2266,#2264,8.);
#2268=IFCCARTESIANPOINT((20.,16.,0.));
#2269=IFCAXIS2PLACEMENT3D(#2268,#4,#2);
#2270=IFCDIRECTION((1.,0.,0.));
#2271=IFCDIRECTION((0.,0.,-1.));
#2272=IFCAXIS2PLACEMENT3D(#2268,#2270,#2271);
#2273=IFCLOCALPLACEMENT(#43,#2272);
#2274=IFCSHAPEREPRESENTATION(#7,'Body','SweptSolid',(#2267));
#2275=IFCPRODUCTDEFINITIONSHAPE($,$,(#2274));
#2276=IFCBEAM('2O2Fr$t4X7swc$UQeBX2230000000',#17,'Beam B322','Structural steel member','W21X44',#2273,#2275,'B322');
#2277=IFCRELCONTAINEDINSPATIALSTRUCTURE('2O2Fr$t4X7swc$UQeRBX223',#17,$,$,(#2276),#44);
#2278=IFCRELASSOCIATESMATERIAL('2O2Fr$t4X7swc$UQeMBX223',#17,$,$,(#2276),#50);
#2279=IFCCARTESIANPOINT((-0.14999999999999999,-0.27500000000000002));
#2280=IFCCARTESIANPOINT((0.,0.));
#2281=IFCDIRECTION((1.,0.));
#2282=IFCAXIS2PLACEMENT2D(#2280,#2281);
#2283=IFCRECTANGLEPROFILEDEF(.AREA.,$,#2282,0.29999999999999999,0.55000000000000004);
#2284=IFCDIRECTION((0.,0.,1.));
#2285=IFCCARTESIANPOINT((0.,0.,0.));
#2286=IFCAXIS2PLACEMENT3D(#2285,#4,#2);
#2287=IFCEXTRUDEDAREASOLID(#2283,#2286,#2284,8.);
#2288=IFCCARTESIANPOINT((4.,24.,0.));
#2289=IFCAXIS2PLACEMENT3D(#2288,#4,#2);
#2290=IFCDIRECTION((1.,0.,0.));
#2291=IFCDIRECTION((0.,0.,-1.));
#2292=IFCAXIS2PLACEMENT3D(#2288,#2290,#2291);
#2293=IFCLOCALPLACEMENT(#43,#2292);
#2294=IFCSHAPEREPRESENTATION(#7,'Body','SweptSolid',(#2287));
#2295=IFCPRODUCTDEFINITIONSHAPE($,$,(#2294));
#2296=IFCBEAM('2O2Fr$t4X7swc$UQeBX0330000000',#17,'Beam B303','Structural steel member','W21X44',#2293,#2295,'B303');
#2297=IFCRELCONTAINEDINSPATIALSTRUCTURE('2O2Fr$t4X7swc$UQeRBX033',#17,$,$,(#2296),#44);
#2298=IFCRELASSOCIATESMATERIAL('2O2Fr$t4X7swc$UQeMBX033',#17,$,$,(#2296),#50);
#2299=IFCCARTESIANPOINT((-0.14999999999999999,-0.27500000000000002));
#2300=IFCCARTESIANPOINT((0.,0.));
#2301=IFCDIRECTION((1.,0.));
#2302=IFCAXIS2PLACEMENT2D(#2300,#2301);
#2303=IFCRECTANGLEPROFILEDEF(.AREA.,$,#2302,0.29999999999999999,0.55000000000000004);
#2304=IFCDIRECTION((0.,0.,1.));
#2305=IFCCARTESIANPOINT((0.,0.,0.));
#2306=IFCAXIS2PLACEMENT3D(#2305,#4,#2);
#2307=IFCEXTRUDEDAREASOLID(#2303,#2306,#2304,8.);
#2308=IFCCARTESIANPOINT((12.,24.,0.));
#2309=IFCAXIS2PLACEMENT3D(#2308,#4,#2);
#2310=IFCDIRECTION((1.,0.,0.));
#2311=IFCDIRECTION((0.,0.,-1.));
#2312=IFCAXIS2PLACEMENT3D(#2308,#2310,#2311);
#2313=IFCLOCALPLACEMENT(#43,#2312);
#2314=IFCSHAPEREPRESENTATION(#7,'Body','SweptSolid',(#2307));
#2315=IFCPRODUCTDEFINITIONSHAPE($,$,(#2314));
#2316=IFCBEAM('2O2Fr$t4X7swc$UQeBX1330000000',#17,'Beam B313','Structural steel member','W21X44',#2313,#2315,'B313');
#2317=IFCRELCONTAINEDINSPATIALSTRUCTURE('2O2Fr$t4X7swc$UQeRBX133',#17,$,$,(#2316),#44);
#2318=IFCRELASSOCIATESMATERIAL('2O2Fr$t4X7swc$UQeMBX133',#17,$,$,(#2316),#50);
#2319=IFCCARTESIANPOINT((-0.14999999999999999,-0.27500000000000002));
#2320=IFCCARTESIANPOINT((0.,0.));
#2321=IFCDIRECTION((1.,0.));
#2322=IFCAXIS2PLACEMENT2D(#2320,#2321);
#2323=IFCRECTANGLEPROFILEDEF(.AREA.,$,#2322,0.29999999999999999,0.55000000000000004);
#2324=IFCDIRECTION((0.,0.,1.));
#2325=IFCCARTESIANPOINT((0.,0.,0.));
#2326=IFCAXIS2PLACEMENT3D(#2325,#4,#2);
#2327=IFCEXTRUDEDAREASOLID(#2323,#2326,#2324,8.);
#2328=IFCCARTESIANPOINT((20.,24.,0.));
#2329=IFCAXIS2PLACEMENT3D(#2328,#4,#2);
#2330=IFCDIRECTION((1.,0.,0.));
#2331=IFCDIRECTION((0.,0.,-1.));
#2332=IFCAXIS2PLACEMENT3D(#2328,#2330,#2331);
#2333=IFCLOCALPLACEMENT(#43,#2332);
#2334=IFCSHAPEREPRESENTATION(#7,'Body','SweptSolid',(#2327));
#2335=IFCPRODUCTDEFINITIONSHAPE($,$,(#2334));
#2336=IFCBEAM('2O2Fr$t4X7swc$UQeBX2330000000',#17,'Beam B323','Structural steel member','W21X44',#2333,#2335,'B323');
#2337=IFCRELCONTAINEDINSPATIALSTRUCTURE('2O2Fr$t4X7swc$UQeRBX233',#17,$,$,(#2336),#44);
#2338=IFCRELASSOCIATESMATERIAL('2O2Fr$t4X7swc$UQeMBX233',#17,$,$,(#2336),#50);
#2339=IFCCARTESIANPOINT((-0.14999999999999999,-0.27500000000000002));
#2340=IFCCARTESIANPOINT((0.,0.));
#2341=IFCDIRECTION((1.,0.));
#2342=IFCAXIS2PLACEMENT2D(#2340,#2341);
#2343=IFCRECTANGLEPROFILEDEF(.AREA.,$,#2342,0.29999999999999999,0.55000000000000004);
#2344=IFCDIRECTION((0.,0.,1.));
#2345=IFCCARTESIANPOINT((0.,0.,0.));
#2346=IFCAXIS2PLACEMENT3D(#2345,#4,#2);
#2347=IFCEXTRUDEDAREASOLID(#2343,#2346,#2344,8.);
#2348=IFCCARTESIANPOINT((0.,4.,0.));
#2349=IFCAXIS2PLACEMENT3D(#2348,#4,#3);
#2350=IFCDIRECTION((0.,1.,0.));
#2351=IFCDIRECTION((0.,0.,-1.));
#2352=IFCAXIS2PLACEMENT3D(#2348,#2350,#2351);
#2353=IFCLOCALPLACEMENT(#43,#2352);
#2354=IFCSHAPEREPRESENTATION(#7,'Body','SweptSolid',(#2347));
#2355=IFCPRODUCTDEFINITIONSHAPE($,$,(#2354));
#2356=IFCBEAM('2O2Fr$t4X7swc$UQeBY0030000000',#17,'Beam BY300','Structural steel member','W16X26',#2353,#2355,'BY300');
#2357=IFCRELCONTAINEDINSPATIALSTRUCTURE('2O2Fr$t4X7swc$UQeRBY003',#17,$,$,(#2356),#44);
#2358=IFCRELASSOCIATESMATERIAL('2O2Fr$t4X7swc$UQeMBY003',#17,$,$,(#2356),#50);
#2359=IFCCARTESIANPOINT((-0.14999999999999999,-0.27500000000000002));
#2360=IFCCARTESIANPOINT((0.,0.));
#2361=IFCDIRECTION((1.,0.));
#2362=IFCAXIS2PLACEMENT2D(#2360,#2361);
#2363=IFCRECTANGLEPROFILEDEF(.AREA.,$,#2362,0.29999999999999999,0.55000000000000004);
#2364=IFCDIRECTION((0.,0.,1.));
#2365=IFCCARTESIANPOINT((0.,0.,0.));
#2366=IFCAXIS2PLACEMENT3D(#2365,#4,#2);
#2367=IFCEXTRUDEDAREASOLID(#2363,#2366,#2364,8.);
#2368=IFCCARTESIANPOINT((0.,12.,0.));
#2369=IFCAXIS2PLACEMENT3D(#2368,#4,#3);
#2370=IFCDIRECTION((0.,1.,0.));
#2371=IFCDIRECTION((0.,0.,-1.));
#2372=IFCAXIS2PLACEMENT3D(#2368,#2370,#2371);
#2373=IFCLOCALPLACEMENT(#43,#2372);
#2374=IFCSHAPEREPRESENTATION(#7,'Body','SweptSolid',(#2367));
#2375=IFCPRODUCTDEFINITIONSHAPE($,$,(#2374));
#2376=IFCBEAM('2O2Fr$t4X7swc$UQeBY0130000000',#17,'Beam BY301','Structural steel member','W16X26',#2373,#2375,'BY301');
#2377=IFCRELCONTAINEDINSPATIALSTRUCTURE('2O2Fr$t4X7swc$UQeRBY013',#17,$,$,(#2376),#44);
#2378=IFCRELASSOCIATESMATERIAL('2O2Fr$t4X7swc$UQeMBY013',#17,$,$,(#2376),#50);
#2379=IFCCARTESIANPOINT((-0.14999999999999999,-0.27500000000000002));
#2380=IFCCARTESIANPOINT((0.,0.));
#2381=IFCDIRECTION((1.,0.));
#2382=IFCAXIS2PLACEMENT2D(#2380,#2381);
#2383=IFCRECTANGLEPROFILEDEF(.AREA.,$,#2382,0.29999999999999999,0.55000000000000004);
#2384=IFCDIRECTION((0.,0.,1.));
#2385=IFCCARTESIANPOINT((0.,0.,0.));
#2386=IFCAXIS2PLACEMENT3D(#2385,#4,#2);
#2387=IFCEXTRUDEDAREASOLID(#2383,#2386,#2384,8.);
#2388=IFCCARTESIANPOINT((0.,20.,0.));
#2389=IFCAXIS2PLACEMENT3D(#2388,#4,#3);
#2390=IFCDIRECTION((0.,1.,0.));
#2391=IFCDIRECTION((0.,0.,-1.));
#2392=IFCAXIS2PLACEMENT3D(#2388,#2390,#2391);
#2393=IFCLOCALPLACEMENT(#43,#2392);
#2394=IFCSHAPEREPRESENTATION(#7,'Body','SweptSolid',(#2387));
#2395=IFCPRODUCTDEFINITIONSHAPE($,$,(#2394));
#2396=IFCBEAM('2O2Fr$t4X7swc$UQeBY0230000000',#17,'Beam BY302','Structural steel member','W16X26',#2393,#2395,'BY302');
#2397=IFCRELCONTAINEDINSPATIALSTRUCTURE('2O2Fr$t4X7swc$UQeRBY023',#17,$,$,(#2396),#44);
#2398=IFCRELASSOCIATESMATERIAL('2O2Fr$t4X7swc$UQeMBY023',#17,$,$,(#2396),#50);
#2399=IFCCARTESIANPOINT((-0.14999999999999999,-0.27500000000000002));
#2400=IFCCARTESIANPOINT((0.,0.));
#2401=IFCDIRECTION((1.,0.));
#2402=IFCAXIS2PLACEMENT2D(#2400,#2401);
#2403=IFCRECTANGLEPROFILEDEF(.AREA.,$,#2402,0.29999999999999999,0.55000000000000004);
#2404=IFCDIRECTION((0.,0.,1.));
#2405=IFCCARTESIANPOINT((0.,0.,0.));
#2406=IFCAXIS2PLACEMENT3D(#2405,#4,#2);
#2407=IFCEXTRUDEDAREASOLID(#2403,#2406,#2404,8.);
#2408=IFCCARTESIANPOINT((8.,4.,0.));
#2409=IFCAXIS2PLACEMENT3D(#2408,#4,#3);
#2410=IFCDIRECTION((0.,1.,0.));
#2411=IFCDIRECTION((0.,0.,-1.));
#2412=IFCAXIS2PLACEMENT3D(#2408,#2410,#2411);
#2413=IFCLOCALPLACEMENT(#43,#2412);
#2414=IFCSHAPEREPRESENTATION(#7,'Body','SweptSolid',(#2407));
#2415=IFCPRODUCTDEFINITIONSHAPE($,$,(#2414));
#2416=IFCBEAM('2O2Fr$t4X7swc$UQeBY1030000000',#17,'Beam BY310','Structural steel member','W16X26',#2413,#2415,'BY310');
#2417=IFCRELCONTAINEDINSPATIALSTRUCTURE('2O2Fr$t4X7swc$UQeRBY103',#17,$,$,(#2416),#44);
#2418=IFCRELASSOCIATESMATERIAL('2O2Fr$t4X7swc$UQeMBY103',#17,$,$,(#2416),#50);
#2419=IFCCARTESIANPOINT((-0.14999999999999999,-0.27500000000000002));
#2420=IFCCARTESIANPOINT((0.,0.));
#2421=IFCDIRECTION((1.,0.));
#2422=IFCAXIS2PLACEMENT2D(#2420,#2421);
#2423=IFCRECTANGLEPROFILEDEF(.AREA.,$,#2422,0.29999999999999999,0.55000000000000004);
#2424=IFCDIRECTION((0.,0.,1.));
#2425=IFCCARTESIANPOINT((0.,0.,0.));
#2426=IFCAXIS2PLACEMENT3D(#2425,#4,#2);
#2427=IFCEXTRUDEDAREASOLID(#2423,#2426,#2424,8.);
#2428=IFCCARTESIANPOINT((8.,12.,0.));
#2429=IFCAXIS2PLACEMENT3D(#2428,#4,#3);
#2430=IFCDIRECTION((0.,1.,0.));
#2431=IFCDIRECTION((0.,0.,-1.));
#2432=IFCAXIS2PLACEMENT3D(#2428,#2430,#2431);
#2433=IFCLOCALPLACEMENT(#43,#2432);
#2434=IFCSHAPEREPRESENTATION(#7,'Body','SweptSolid',(#2427));
#2435=IFCPRODUCTDEFINITIONSHAPE($,$,(#2434));
#2436=IFCBEAM('2O2Fr$t4X7swc$UQeBY1130000000',#17,'Beam BY311','Structural steel member','W16X26',#2433,#2435,'BY311');
#2437=IFCRELCONTAINEDINSPATIALSTRUCTURE('2O2Fr$t4X7swc$UQeRBY113',#17,$,$,(#2436),#44);
#2438=IFCRELASSOCIATESMATERIAL('2O2Fr$t4X7swc$UQeMBY113',#17,$,$,(#2436),#50);
#2439=IFCCARTESIANPOINT((-0.14999999999999999,-0.27500000000000002));
#2440=IFCCARTESIANPOINT((0.,0.));
#2441=IFCDIRECTION((1.,0.));
#2442=IFCAXIS2PLACEMENT2D(#2440,#2441);
#2443=IFCRECTANGLEPROFILEDEF(.AREA.,$,#2442,0.29999999999999999,0.55000000000000004);
#2444=IFCDIRECTION((0.,0.,1.));
#2445=IFCCARTESIANPOINT((0.,0.,0.));
#2446=IFCAXIS2PLACEMENT3D(#2445,#4,#2);
#2447=IFCEXTRUDEDAREASOLID(#2443,#2446,#2444,8.);
#2448=IFCCARTESIANPOINT((8.,20.,0.));
#2449=IFCAXIS2PLACEMENT3D(#2448,#4,#3);
#2450=IFCDIRECTION((0.,1.,0.));
#2451=IFCDIRECTION((0.,0.,-1.));
#2452=IFCAXIS2PLACEMENT3D(#2448,#2450,#2451);
#2453=IFCLOCALPLACEMENT(#43,#2452);
#2454=IFCSHAPEREPRESENTATION(#7,'Body','SweptSolid',(#2447));
#2455=IFCPRODUCTDEFINITIONSHAPE($,$,(#2454));
#2456=IFCBEAM('2O2Fr$t4X7swc$UQeBY1230000000',#17,'Beam BY312','Structural steel member','W16X26',#2453,#2455,'BY312');
#2457=IFCRELCONTAINEDINSPATIALSTRUCTURE('2O2Fr$t4X7swc$UQeRBY123',#17,$,$,(#2456),#44);
#2458=IFCRELASSOCIATESMATERIAL('2O2Fr$t4X7swc$UQeMBY123',#17,$,$,(#2456),#50);
#2459=IFCCARTESIANPOINT((-0.14999999999999999,-0.27500000000000002));
#2460=IFCCARTESIANPOINT((0.,0.));
#2461=IFCDIRECTION((1.,0.));
#2462=IFCAXIS2PLACEMENT2D(#2460,#2461);
#2463=IFCRECTANGLEPROFILEDEF(.AREA.,$,#2462,0.29999999999999999,0.55000000000000004);
#2464=IFCDIRECTION((0.,0.,1.));
#2465=IFCCARTESIANPOINT((0.,0.,0.));
#2466=IFCAXIS2PLACEMENT3D(#2465,#4,#2);
#2467=IFCEXTRUDEDAREASOLID(#2463,#2466,#2464,8.);
#2468=IFCCARTESIANPOINT((16.,4.,0.));
#2469=IFCAXIS2PLACEMENT3D(#2468,#4,#3);
#2470=IFCDIRECTION((0.,1.,0.));
#2471=IFCDIRECTION((0.,0.,-1.));
#2472=IFCAXIS2PLACEMENT3D(#2468,#2470,#2471);
#2473=IFCLOCALPLACEMENT(#43,#2472);
#2474=IFCSHAPEREPRESENTATION(#7,'Body','SweptSolid',(#2467));
#2475=IFCPRODUCTDEFINITIONSHAPE($,$,(#2474));
#2476=IFCBEAM('2O2Fr$t4X7swc$UQeBY2030000000',#17,'Beam BY320','Structural steel member','W16X26',#2473,#2475,'BY320');
#2477=IFCRELCONTAINEDINSPATIALSTRUCTURE('2O2Fr$t4X7swc$UQeRBY203',#17,$,$,(#2476),#44);
#2478=IFCRELASSOCIATESMATERIAL('2O2Fr$t4X7swc$UQeMBY203',#17,$,$,(#2476),#50);
#2479=IFCCARTESIANPOINT((-0.14999999999999999,-0.27500000000000002));
#2480=IFCCARTESIANPOINT((0.,0.));
#2481=IFCDIRECTION((1.,0.));
#2482=IFCAXIS2PLACEMENT2D(#2480,#2481);
#2483=IFCRECTANGLEPROFILEDEF(.AREA.,$,#2482,0.29999999999999999,0.55000000000000004);
#2484=IFCDIRECTION((0.,0.,1.));
#2485=IFCCARTESIANPOINT((0.,0.,0.));
#2486=IFCAXIS2PLACEMENT3D(#2485,#4,#2);
#2487=IFCEXTRUDEDAREASOLID(#2483,#2486,#2484,8.);
#2488=IFCCARTESIANPOINT((16.,12.,0.));
#2489=IFCAXIS2PLACEMENT3D(#2488,#4,#3);
#2490=IFCDIRECTION((0.,1.,0.));
#2491=IFCDIRECTION((0.,0.,-1.));
#2492=IFCAXIS2PLACEMENT3D(#2488,#2490,#2491);
#2493=IFCLOCALPLACEMENT(#43,#2492);
#2494=IFCSHAPEREPRESENTATION(#7,'Body','SweptSolid',(#2487));
#2495=IFCPRODUCTDEFINITIONSHAPE($,$,(#2494));
#2496=IFCBEAM('2O2Fr$t4X7swc$UQeBY2130000000',#17,'Beam BY321','Structural steel member','W16X26',#2493,#2495,'BY321');
#2497=IFCRELCONTAINEDINSPATIALSTRUCTURE('2O2Fr$t4X7swc$UQeRBY213',#17,$,$,(#2496),#44);
#2498=IFCRELASSOCIATESMATERIAL('2O2Fr$t4X7swc$UQeMBY213',#17,$,$,(#2496),#50);
#2499=IFCCARTESIANPOINT((-0.14999999999999999,-0.27500000000000002));
#2500=IFCCARTESIANPOINT((0.,0.));
#2501=IFCDIRECTION((1.,0.));
#2502=IFCAXIS2PLACEMENT2D(#2500,#2501);
#2503=IFCRECTANGLEPROFILEDEF(.AREA.,$,#2502,0.29999999999999999,0.55000000000000004);
#2504=IFCDIRECTION((0.,0.,1.));
#2505=IFCCARTESIANPOINT((0.,0.,0.));
#2506=IFCAXIS2PLACEMENT3D(#2505,#4,#2);
#2507=IFCEXTRUDEDAREASOLID(#2503,#2506,#2504,8.);
#2508=IFCCARTESIANPOINT((16.,20.,0.));
#2509=IFCAXIS2PLACEMENT3D(#2508,#4,#3);
#2510=IFCDIRECTION((0.,1.,0.));
#2511=IFCDIRECTION((0.,0.,-1.));
#2512=IFCAXIS2PLACEMENT3D(#2508,#2510,#2511);
#2513=IFCLOCALPLACEMENT(#43,#2512);
#2514=IFCSHAPEREPRESENTATION(#7,'Body','SweptSolid',(#2507));
#2515=IFCPRODUCTDEFINITIONSHAPE($,$,(#2514));
#2516=IFCBEAM('2O2Fr$t4X7swc$UQeBY2230000000',#17,'Beam BY322','Structural steel member','W16X26',#2513,#2515,'BY322');
#2517=IFCRELCONTAINEDINSPATIALSTRUCTURE('2O2Fr$t4X7swc$UQeRBY223',#17,$,$,(#2516),#44);
#2518=IFCRELASSOCIATESMATERIAL('2O2Fr$t4X7swc$UQeMBY223',#17,$,$,(#2516),#50);
#2519=IFCCARTESIANPOINT((-0.14999999999999999,-0.27500000000000002));
#2520=IFCCARTESIANPOINT((0.,0.));
#2521=IFCDIRECTION((1.,0.));
#2522=IFCAXIS2PLACEMENT2D(#2520,#2521);
#2523=IFCRECTANGLEPROFILEDEF(.AREA.,$,#2522,0.29999999999999999,0.55000000000000004);
#2524=IFCDIRECTION((0.,0.,1.));
#2525=IFCCARTESIANPOINT((0.,0.,0.));
#2526=IFCAXIS2PLACEMENT3D(#2525,#4,#2);
#2527=IFCEXTRUDEDAREASOLID(#2523,#2526,#2524,8.);
#2528=IFCCARTESIANPOINT((24.,4.,0.));
#2529=IFCAXIS2PLACEMENT3D(#2528,#4,#3);
#2530=IFCDIRECTION((0.,1.,0.));
#2531=IFCDIRECTION((0.,0.,-1.));
#2532=IFCAXIS2PLACEMENT3D(#2528,#2530,#2531);
#2533=IFCLOCALPLACEMENT(#43,#2532);
#2534=IFCSHAPEREPRESENTATION(#7,'Body','SweptSolid',(#2527));
#2535=IFCPRODUCTDEFINITIONSHAPE($,$,(#2534));
#2536=IFCBEAM('2O2Fr$t4X7swc$UQeBY3030000000',#17,'Beam BY330','Structural steel member','W16X26',#2533,#2535,'BY330');
#2537=IFCRELCONTAINEDINSPATIALSTRUCTURE('2O2Fr$t4X7swc$UQeRBY303',#17,$,$,(#2536),#44);
#2538=IFCRELASSOCIATESMATERIAL('2O2Fr$t4X7swc$UQeMBY303',#17,$,$,(#2536),#50);
#2539=IFCCARTESIANPOINT((-0.14999999999999999,-0.27500000000000002));
#2540=IFCCARTESIANPOINT((0.,0.));
#2541=IFCDIRECTION((1.,0.));
#2542=IFCAXIS2PLACEMENT2D(#2540,#2541);
#2543=IFCRECTANGLEPROFILEDEF(.AREA.,$,#2542,0.29999999999999999,0.55000000000000004);
#2544=IFCDIRECTION((0.,0.,1.));
#2545=IFCCARTESIANPOINT((0.,0.,0.));
#2546=IFCAXIS2PLACEMENT3D(#2545,#4,#2);
#2547=IFCEXTRUDEDAREASOLID(#2543,#2546,#2544,8.);
#2548=IFCCARTESIANPOINT((24.,12.,0.));
#2549=IFCAXIS2PLACEMENT3D(#2548,#4,#3);
#2550=IFCDIRECTION((0.,1.,0.));
#2551=IFCDIRECTION((0.,0.,-1.));
#2552=IFCAXIS2PLACEMENT3D(#2548,#2550,#2551);
#2553=IFCLOCALPLACEMENT(#43,#2552);
#2554=IFCSHAPEREPRESENTATION(#7,'Body','SweptSolid',(#2547));
#2555=IFCPRODUCTDEFINITIONSHAPE($,$,(#2554));
#2556=IFCBEAM('2O2Fr$t4X7swc$UQeBY3130000000',#17,'Beam BY331','Structural steel member','W16X26',#2553,#2555,'BY331');
#2557=IFCRELCONTAINEDINSPATIALSTRUCTURE('2O2Fr$t4X7swc$UQeRBY313',#17,$,$,(#2556),#44);
#2558=IFCRELASSOCIATESMATERIAL('2O2Fr$t4X7swc$UQeMBY313',#17,$,$,(#2556),#50);
#2559=IFCCARTESIANPOINT((-0.14999999999999999,-0.27500000000000002));
#2560=IFCCARTESIANPOINT((0.,0.));
#2561=IFCDIRECTION((1.,0.));
#2562=IFCAXIS2PLACEMENT2D(#2560,#2561);
#2563=IFCRECTANGLEPROFILEDEF(.AREA.,$,#2562,0.29999999999999999,0.55000000000000004);
#2564=IFCDIRECTION((0.,0.,1.));
#2565=IFCCARTESIANPOINT((0.,0.,0.));
#2566=IFCAXIS2PLACEMENT3D(#2565,#4,#2);
#2567=IFCEXTRUDEDAREASOLID(#2563,#2566,#2564,8.);
#2568=IFCCARTESIANPOINT((24.,20.,0.));
#2569=IFCAXIS2PLACEMENT3D(#2568,#4,#3);
#2570=IFCDIRECTION((0.,1.,0.));
#2571=IFCDIRECTION((0.,0.,-1.));
#2572=IFCAXIS2PLACEMENT3D(#2568,#2570,#2571);
#2573=IFCLOCALPLACEMENT(#43,#2572);
#2574=IFCSHAPEREPRESENTATION(#7,'Body','SweptSolid',(#2567));
#2575=IFCPRODUCTDEFINITIONSHAPE($,$,(#2574));
#2576=IFCBEAM('2O2Fr$t4X7swc$UQeBY3230000000',#17,'Beam BY332','Structural steel member','W16X26',#2573,#2575,'BY332');
#2577=IFCRELCONTAINEDINSPATIALSTRUCTURE('2O2Fr$t4X7swc$UQeRBY323',#17,$,$,(#2576),#44);
#2578=IFCRELASSOCIATESMATERIAL('2O2Fr$t4X7swc$UQeMBY323',#17,$,$,(#2576),#50);
#2579=IFCCARTESIANPOINT((-0.14999999999999999,-0.27500000000000002));
#2580=IFCCARTESIANPOINT((0.,0.));
#2581=IFCDIRECTION((1.,0.));
#2582=IFCAXIS2PLACEMENT2D(#2580,#2581);
#2583=IFCRECTANGLEPROFILEDEF(.AREA.,$,#2582,0.29999999999999999,0.55000000000000004);
#2584=IFCDIRECTION((0.,0.,1.));
#2585=IFCCARTESIANPOINT((0.,0.,0.));
#2586=IFCAXIS2PLACEMENT3D(#2585,#4,#2);
#2587=IFCEXTRUDEDAREASOLID(#2583,#2586,#2584,8.);
#2588=IFCCARTESIANPOINT((4.,0.,0.));
#2589=IFCAXIS2PLACEMENT3D(#2588,#4,#2);
#2590=IFCDIRECTION((1.,0.,0.));
#2591=IFCDIRECTION((0.,0.,-1.));
#2592=IFCAXIS2PLACEMENT3D(#2588,#2590,#2591);
#2593=IFCLOCALPLACEMENT(#47,#2592);
#2594=IFCSHAPEREPRESENTATION(#7,'Body','SweptSolid',(#2587));
#2595=IFCPRODUCTDEFINITIONSHAPE($,$,(#2594));
#2596=IFCBEAM('2O2Fr$t4X7swc$UQeBX0040000000',#17,'Beam B400','Structural steel member','W21X44',#2593,#2595,'B400');
#2597=IFCRELCONTAINEDINSPATIALSTRUCTURE('2O2Fr$t4X7swc$UQeRBX004',#17,$,$,(#2596),#48);
#2598=IFCRELASSOCIATESMATERIAL('2O2Fr$t4X7swc$UQeMBX004',#17,$,$,(#2596),#50);
#2599=IFCCARTESIANPOINT((-0.14999999999999999,-0.27500000000000002));
#2600=IFCCARTESIANPOINT((0.,0.));
#2601=IFCDIRECTION((1.,0.));
#2602=IFCAXIS2PLACEMENT2D(#2600,#2601);
#2603=IFCRECTANGLEPROFILEDEF(.AREA.,$,#2602,0.29999999999999999,0.55000000000000004);
#2604=IFCDIRECTION((0.,0.,1.));
#2605=IFCCARTESIANPOINT((0.,0.,0.));
#2606=IFCAXIS2PLACEMENT3D(#2605,#4,#2);
#2607=IFCEXTRUDEDAREASOLID(#2603,#2606,#2604,8.);
#2608=IFCCARTESIANPOINT((12.,0.,0.));
#2609=IFCAXIS2PLACEMENT3D(#2608,#4,#2);
#2610=IFCDIRECTION((1.,0.,0.));
#2611=IFCDIRECTION((0.,0.,-1.));
#2612=IFCAXIS2PLACEMENT3D(#2608,#2610,#2611);
#2613=IFCLOCALPLACEMENT(#47,#2612);
#2614=IFCSHAPEREPRESENTATION(#7,'Body','SweptSolid',(#2607));
#2615=IFCPRODUCTDEFINITIONSHAPE($,$,(#2614));
#2616=IFCBEAM('2O2Fr$t4X7swc$UQeBX1040000000',#17,'Beam B410','Structural steel member','W21X44',#2613,#2615,'B410');
#2617=IFCRELCONTAINEDINSPATIALSTRUCTURE('2O2Fr$t4X7swc$UQeRBX104',#17,$,$,(#2616),#48);
#2618=IFCRELASSOCIATESMATERIAL('2O2Fr$t4X7swc$UQeMBX104',#17,$,$,(#2616),#50);
#2619=IFCCARTESIANPOINT((-0.14999999999999999,-0.27500000000000002));
#2620=IFCCARTESIANPOINT((0.,0.));
#2621=IFCDIRECTION((1.,0.));
#2622=IFCAXIS2PLACEMENT2D(#2620,#2621);
#2623=IFCRECTANGLEPROFILEDEF(.AREA.,$,#2622,0.29999999999999999,0.55000000000000004);
#2624=IFCDIRECTION((0.,0.,1.));
#2625=IFCCARTESIANPOINT((0.,0.,0.));
#2626=IFCAXIS2PLACEMENT3D(#2625,#4,#2);
#2627=IFCEXTRUDEDAREASOLID(#2623,#2626,#2624,8.);
#2628=IFCCARTESIANPOINT((20.,0.,0.));
#2629=IFCAXIS2PLACEMENT3D(#2628,#4,#2);
#2630=IFCDIRECTION((1.,0.,0.));
#2631=IFCDIRECTION((0.,0.,-1.));
#2632=IFCAXIS2PLACEMENT3D(#2628,#2630,#2631);
#2633=IFCLOCALPLACEMENT(#47,#2632);
#2634=IFCSHAPEREPRESENTATION(#7,'Body','SweptSolid',(#2627));
#2635=IFCPRODUCTDEFINITIONSHAPE($,$,(#2634));
#2636=IFCBEAM('2O2Fr$t4X7swc$UQeBX2040000000',#17,'Beam B420','Structural steel member','W21X44',#2633,#2635,'B420');
#2637=IFCRELCONTAINEDINSPATIALSTRUCTURE('2O2Fr$t4X7swc$UQeRBX204',#17,$,$,(#2636),#48);
#2638=IFCRELASSOCIATESMATERIAL('2O2Fr$t4X7swc$UQeMBX204',#17,$,$,(#2636),#50);
#2639=IFCCARTESIANPOINT((-0.14999999999999999,-0.27500000000000002));
#2640=IFCCARTESIANPOINT((0.,0.));
#2641=IFCDIRECTION((1.,0.));
#2642=IFCAXIS2PLACEMENT2D(#2640,#2641);
#2643=IFCRECTANGLEPROFILEDEF(.AREA.,$,#2642,0.29999999999999999,0.55000000000000004);
#2644=IFCDIRECTION((0.,0.,1.));
#2645=IFCCARTESIANPOINT((0.,0.,0.));
#2646=IFCAXIS2PLACEMENT3D(#2645,#4,#2);
#2647=IFCEXTRUDEDAREASOLID(#2643,#2646,#2644,8.);
#2648=IFCCARTESIANPOINT((4.,8.,0.));
#2649=IFCAXIS2PLACEMENT3D(#2648,#4,#2);
#2650=IFCDIRECTION((1.,0.,0.));
#2651=IFCDIRECTION((0.,0.,-1.));
#2652=IFCAXIS2PLACEMENT3D(#2648,#2650,#2651);
#2653=IFCLOCALPLACEMENT(#47,#2652);
#2654=IFCSHAPEREPRESENTATION(#7,'Body','SweptSolid',(#2647));
#2655=IFCPRODUCTDEFINITIONSHAPE($,$,(#2654));
#2656=IFCBEAM('2O2Fr$t4X7swc$UQeBX0140000000',#17,'Beam B401','Structural steel member','W21X44',#2653,#2655,'B401');
#2657=IFCRELCONTAINEDINSPATIALSTRUCTURE('2O2Fr$t4X7swc$UQeRBX014',#17,$,$,(#2656),#48);
#2658=IFCRELASSOCIATESMATERIAL('2O2Fr$t4X7swc$UQeMBX014',#17,$,$,(#2656),#50);
#2659=IFCCARTESIANPOINT((-0.14999999999999999,-0.27500000000000002));
#2660=IFCCARTESIANPOINT((0.,0.));
#2661=IFCDIRECTION((1.,0.));
#2662=IFCAXIS2PLACEMENT2D(#2660,#2661);
#2663=IFCRECTANGLEPROFILEDEF(.AREA.,$,#2662,0.29999999999999999,0.55000000000000004);
#2664=IFCDIRECTION((0.,0.,1.));
#2665=IFCCARTESIANPOINT((0.,0.,0.));
#2666=IFCAXIS2PLACEMENT3D(#2665,#4,#2);
#2667=IFCEXTRUDEDAREASOLID(#2663,#2666,#2664,8.);
#2668=IFCCARTESIANPOINT((12.,8.,0.));
#2669=IFCAXIS2PLACEMENT3D(#2668,#4,#2);
#2670=IFCDIRECTION((1.,0.,0.));
#2671=IFCDIRECTION((0.,0.,-1.));
#2672=IFCAXIS2PLACEMENT3D(#2668,#2670,#2671);
#2673=IFCLOCALPLACEMENT(#47,#2672);
#2674=IFCSHAPEREPRESENTATION(#7,'Body','SweptSolid',(#2667));
#2675=IFCPRODUCTDEFINITIONSHAPE($,$,(#2674));
#2676=IFCBEAM('2O2Fr$t4X7swc$UQeBX1140000000',#17,'Beam B411','Structural steel member','W21X44',#2673,#2675,'B411');
#2677=IFCRELCONTAINEDINSPATIALSTRUCTURE('2O2Fr$t4X7swc$UQeRBX114',#17,$,$,(#2676),#48);
#2678=IFCRELASSOCIATESMATERIAL('2O2Fr$t4X7swc$UQeMBX114',#17,$,$,(#2676),#50);
#2679=IFCCARTESIANPOINT((-0.14999999999999999,-0.27500000000000002));
#2680=IFCCARTESIANPOINT((0.,0.));
#2681=IFCDIRECTION((1.,0.));
#2682=IFCAXIS2PLACEMENT2D(#2680,#2681);
#2683=IFCRECTANGLEPROFILEDEF(.AREA.,$,#2682,0.29999999999999999,0.55000000000000004);
#2684=IFCDIRECTION((0.,0.,1.));
#2685=IFCCARTESIANPOINT((0.,0.,0.));
#2686=IFCAXIS2PLACEMENT3D(#2685,#4,#2);
#2687=IFCEXTRUDEDAREASOLID(#2683,#2686,#2684,8.);
#2688=IFCCARTESIANPOINT((20.,8.,0.));
#2689=IFCAXIS2PLACEMENT3D(#2688,#4,#2);
#2690=IFCDIRECTION((1.,0.,0.));
#2691=IFCDIRECTION((0.,0.,-1.));
#2692=IFCAXIS2PLACEMENT3D(#2688,#2690,#2691);
#2693=IFCLOCALPLACEMENT(#47,#2692);
#2694=IFCSHAPEREPRESENTATION(#7,'Body','SweptSolid',(#2687));
#2695=IFCPRODUCTDEFINITIONSHAPE($,$,(#2694));
#2696=IFCBEAM('2O2Fr$t4X7swc$UQeBX2140000000',#17,'Beam B421','Structural steel member','W21X44',#2693,#2695,'B421');
#2697=IFCRELCONTAINEDINSPATIALSTRUCTURE('2O2Fr$t4X7swc$UQeRBX214',#17,$,$,(#2696),#48);
#2698=IFCRELASSOCIATESMATERIAL('2O2Fr$t4X7swc$UQeMBX214',#17,$,$,(#2696),#50);
#2699=IFCCARTESIANPOINT((-0.14999999999999999,-0.27500000000000002));
#2700=IFCCARTESIANPOINT((0.,0.));
#2701=IFCDIRECTION((1.,0.));
#2702=IFCAXIS2PLACEMENT2D(#2700,#2701);
#2703=IFCRECTANGLEPROFILEDEF(.AREA.,$,#2702,0.29999999999999999,0.55000000000000004);
#2704=IFCDIRECTION((0.,0.,1.));
#2705=IFCCARTESIANPOINT((0.,0.,0.));
#2706=IFCAXIS2PLACEMENT3D(#2705,#4,#2);
#2707=IFCEXTRUDEDAREASOLID(#2703,#2706,#2704,8.);
#2708=IFCCARTESIANPOINT((4.,16.,0.));
#2709=IFCAXIS2PLACEMENT3D(#2708,#4,#2);
#2710=IFCDIRECTION((1.,0.,0.));
#2711=IFCDIRECTION((0.,0.,-1.));
#2712=IFCAXIS2PLACEMENT3D(#2708,#2710,#2711);
#2713=IFCLOCALPLACEMENT(#47,#2712);
#2714=IFCSHAPEREPRESENTATION(#7,'Body','SweptSolid',(#2707));
#2715=IFCPRODUCTDEFINITIONSHAPE($,$,(#2714));
#2716=IFCBEAM('2O2Fr$t4X7swc$UQeBX0240000000',#17,'Beam B402','Structural steel member','W21X44',#2713,#2715,'B402');
#2717=IFCRELCONTAINEDINSPATIALSTRUCTURE('2O2Fr$t4X7swc$UQeRBX024',#17,$,$,(#2716),#48);
#2718=IFCRELASSOCIATESMATERIAL('2O2Fr$t4X7swc$UQeMBX024',#17,$,$,(#2716),#50);
#2719=IFCCARTESIANPOINT((-0.14999999999999999,-0.27500000000000002));
#2720=IFCCARTESIANPOINT((0.,0.));
#2721=IFCDIRECTION((1.,0.));
#2722=IFCAXIS2PLACEMENT2D(#2720,#2721);
#2723=IFCRECTANGLEPROFILEDEF(.AREA.,$,#2722,0.29999999999999999,0.55000000000000004);
#2724=IFCDIRECTION((0.,0.,1.));
#2725=IFCCARTESIANPOINT((0.,0.,0.));
#2726=IFCAXIS2PLACEMENT3D(#2725,#4,#2);
#2727=IFCEXTRUDEDAREASOLID(#2723,#2726,#2724,8.);
#2728=IFCCARTESIANPOINT((12.,16.,0.));
#2729=IFCAXIS2PLACEMENT3D(#2728,#4,#2);
#2730=IFCDIRECTION((1.,0.,0.));
#2731=IFCDIRECTION((0.,0.,-1.));
#2732=IFCAXIS2PLACEMENT3D(#2728,#2730,#2731);
#2733=IFCLOCALPLACEMENT(#47,#2732);
#2734=IFCSHAPEREPRESENTATION(#7,'Body','SweptSolid',(#2727));
#2735=IFCPRODUCTDEFINITIONSHAPE($,$,(#2734));
#2736=IFCBEAM('2O2Fr$t4X7swc$UQeBX1240000000',#17,'Beam B412','Structural steel member','W21X44',#2733,#2735,'B412');
#2737=IFCRELCONTAINEDINSPATIALSTRUCTURE('2O2Fr$t4X7swc$UQeRBX124',#17,$,$,(#2736),#48);
#2738=IFCRELASSOCIATESMATERIAL('2O2Fr$t4X7swc$UQeMBX124',#17,$,$,(#2736),#50);
#2739=IFCCARTESIANPOINT((-0.14999999999999999,-0.27500000000000002));
#2740=IFCCARTESIANPOINT((0.,0.));
#2741=IFCDIRECTION((1.,0.));
#2742=IFCAXIS2PLACEMENT2D(#2740,#2741);
#2743=IFCRECTANGLEPROFILEDEF(.AREA.,$,#2742,0.29999999999999999,0.55000000000000004);
#2744=IFCDIRECTION((0.,0.,1.));
#2745=IFCCARTESIANPOINT((0.,0.,0.));
#2746=IFCAXIS2PLACEMENT3D(#2745,#4,#2);
#2747=IFCEXTRUDEDAREASOLID(#2743,#2746,#2744,8.);
#2748=IFCCARTESIANPOINT((20.,16.,0.));
#2749=IFCAXIS2PLACEMENT3D(#2748,#4,#2);
#2750=IFCDIRECTION((1.,0.,0.));
#2751=IFCDIRECTION((0.,0.,-1.));
#2752=IFCAXIS2PLACEMENT3D(#2748,#2750,#2751);
#2753=IFCLOCALPLACEMENT(#47,#2752);
#2754=IFCSHAPEREPRESENTATION(#7,'Body','SweptSolid',(#2747));
#2755=IFCPRODUCTDEFINITIONSHAPE($,$,(#2754));
#2756=IFCBEAM('2O2Fr$t4X7swc$UQeBX2240000000',#17,'Beam B422','Structural steel member','W21X44',#2753,#2755,'B422');
#2757=IFCRELCONTAINEDINSPATIALSTRUCTURE('2O2Fr$t4X7swc$UQeRBX224',#17,$,$,(#2756),#48);
#2758=IFCRELASSOCIATESMATERIAL('2O2Fr$t4X7swc$UQeMBX224',#17,$,$,(#2756),#50);
#2759=IFCCARTESIANPOINT((-0.14999999999999999,-0.27500000000000002));
#2760=IFCCARTESIANPOINT((0.,0.));
#2761=IFCDIRECTION((1.,0.));
#2762=IFCAXIS2PLACEMENT2D(#2760,#2761);
#2763=IFCRECTANGLEPROFILEDEF(.AREA.,$,#2762,0.29999999999999999,0.55000000000000004);
#2764=IFCDIRECTION((0.,0.,1.));
#2765=IFCCARTESIANPOINT((0.,0.,0.));
#2766=IFCAXIS2PLACEMENT3D(#2765,#4,#2);
#2767=IFCEXTRUDEDAREASOLID(#2763,#2766,#2764,8.);
#2768=IFCCARTESIANPOINT((4.,24.,0.));
#2769=IFCAXIS2PLACEMENT3D(#2768,#4,#2);
#2770=IFCDIRECTION((1.,0.,0.));
#2771=IFCDIRECTION((0.,0.,-1.));
#2772=IFCAXIS2PLACEMENT3D(#2768,#2770,#2771);
#2773=IFCLOCALPLACEMENT(#47,#2772);
#2774=IFCSHAPEREPRESENTATION(#7,'Body','SweptSolid',(#2767));
#2775=IFCPRODUCTDEFINITIONSHAPE($,$,(#2774));
#2776=IFCBEAM('2O2Fr$t4X7swc$UQeBX0340000000',#17,'Beam B403','Structural steel member','W21X44',#2773,#2775,'B403');
#2777=IFCRELCONTAINEDINSPATIALSTRUCTURE('2O2Fr$t4X7swc$UQeRBX034',#17,$,$,(#2776),#48);
#2778=IFCRELASSOCIATESMATERIAL('2O2Fr$t4X7swc$UQeMBX034',#17,$,$,(#2776),#50);
#2779=IFCCARTESIANPOINT((-0.14999999999999999,-0.27500000000000002));
#2780=IFCCARTESIANPOINT((0.,0.));
#2781=IFCDIRECTION((1.,0.));
#2782=IFCAXIS2PLACEMENT2D(#2780,#2781);
#2783=IFCRECTANGLEPROFILEDEF(.AREA.,$,#2782,0.29999999999999999,0.55000000000000004);
#2784=IFCDIRECTION((0.,0.,1.));
#2785=IFCCARTESIANPOINT((0.,0.,0.));
#2786=IFCAXIS2PLACEMENT3D(#2785,#4,#2);
#2787=IFCEXTRUDEDAREASOLID(#2783,#2786,#2784,8.);
#2788=IFCCARTESIANPOINT((12.,24.,0.));
#2789=IFCAXIS2PLACEMENT3D(#2788,#4,#2);
#2790=IFCDIRECTION((1.,0.,0.));
#2791=IFCDIRECTION((0.,0.,-1.));
#2792=IFCAXIS2PLACEMENT3D(#2788,#2790,#2791);
#2793=IFCLOCALPLACEMENT(#47,#2792);
#2794=IFCSHAPEREPRESENTATION(#7,'Body','SweptSolid',(#2787));
#2795=IFCPRODUCTDEFINITIONSHAPE($,$,(#2794));
#2796=IFCBEAM('2O2Fr$t4X7swc$UQeBX1340000000',#17,'Beam B413','Structural steel member','W21X44',#2793,#2795,'B413');
#2797=IFCRELCONTAINEDINSPATIALSTRUCTURE('2O2Fr$t4X7swc$UQeRBX134',#17,$,$,(#2796),#48);
#2798=IFCRELASSOCIATESMATERIAL('2O2Fr$t4X7swc$UQeMBX134',#17,$,$,(#2796),#50);
#2799=IFCCARTESIANPOINT((-0.14999999999999999,-0.27500000000000002));
#2800=IFCCARTESIANPOINT((0.,0.));
#2801=IFCDIRECTION((1.,0.));
#2802=IFCAXIS2PLACEMENT2D(#2800,#2801);
#2803=IFCRECTANGLEPROFILEDEF(.AREA.,$,#2802,0.29999999999999999,0.55000000000000004);
#2804=IFCDIRECTION((0.,0.,1.));
#2805=IFCCARTESIANPOINT((0.,0.,0.));
#2806=IFCAXIS2PLACEMENT3D(#2805,#4,#2);
#2807=IFCEXTRUDEDAREASOLID(#2803,#2806,#2804,8.);
#2808=IFCCARTESIANPOINT((20.,24.,0.));
#2809=IFCAXIS2PLACEMENT3D(#2808,#4,#2);
#2810=IFCDIRECTION((1.,0.,0.));
#2811=IFCDIRECTION((0.,0.,-1.));
#2812=IFCAXIS2PLACEMENT3D(#2808,#2810,#2811);
#2813=IFCLOCALPLACEMENT(#47,#2812);
#2814=IFCSHAPEREPRESENTATION(#7,'Body','SweptSolid',(#2807));
#2815=IFCPRODUCTDEFINITIONSHAPE($,$,(#2814));
#2816=IFCBEAM('2O2Fr$t4X7swc$UQeBX2340000000',#17,'Beam B423','Structural steel member','W21X44',#2813,#2815,'B423');
#2817=IFCRELCONTAINEDINSPATIALSTRUCTURE('2O2Fr$t4X7swc$UQeRBX234',#17,$,$,(#2816),#48);
#2818=IFCRELASSOCIATESMATERIAL('2O2Fr$t4X7swc$UQeMBX234',#17,$,$,(#2816),#50);
#2819=IFCCARTESIANPOINT((-0.14999999999999999,-0.27500000000000002));
#2820=IFCCARTESIANPOINT((0.,0.));
#2821=IFCDIRECTION((1.,0.));
#2822=IFCAXIS2PLACEMENT2D(#2820,#2821);
#2823=IFCRECTANGLEPROFILEDEF(.AREA.,$,#2822,0.29999999999999999,0.55000000000000004);
#2824=IFCDIRECTION((0.,0.,1.));
#2825=IFCCARTESIANPOINT((0.,0.,0.));
#2826=IFCAXIS2PLACEMENT3D(#2825,#4,#2);
#2827=IFCEXTRUDEDAREASOLID(#2823,#2826,#2824,8.);
#2828=IFCCARTESIANPOINT((0.,4.,0.));
#2829=IFCAXIS2PLACEMENT3D(#2828,#4,#3);
#2830=IFCDIRECTION((0.,1.,0.));
#2831=IFCDIRECTION((0.,0.,-1.));
#2832=IFCAXIS2PLACEMENT3D(#2828,#2830,#2831);
#2833=IFCLOCALPLACEMENT(#47,#2832);
#2834=IFCSHAPEREPRESENTATION(#7,'Body','SweptSolid',(#2827));
#2835=IFCPRODUCTDEFINITIONSHAPE($,$,(#2834));
#2836=IFCBEAM('2O2Fr$t4X7swc$UQeBY0040000000',#17,'Beam BY400','Structural steel member','W16X26',#2833,#2835,'BY400');
#2837=IFCRELCONTAINEDINSPATIALSTRUCTURE('2O2Fr$t4X7swc$UQeRBY004',#17,$,$,(#2836),#48);
#2838=IFCRELASSOCIATESMATERIAL('2O2Fr$t4X7swc$UQeMBY004',#17,$,$,(#2836),#50);
#2839=IFCCARTESIANPOINT((-0.14999999999999999,-0.27500000000000002));
#2840=IFCCARTESIANPOINT((0.,0.));
#2841=IFCDIRECTION((1.,0.));
#2842=IFCAXIS2PLACEMENT2D(#2840,#2841);
#2843=IFCRECTANGLEPROFILEDEF(.AREA.,$,#2842,0.29999999999999999,0.55000000000000004);
#2844=IFCDIRECTION((0.,0.,1.));
#2845=IFCCARTESIANPOINT((0.,0.,0.));
#2846=IFCAXIS2PLACEMENT3D(#2845,#4,#2);
#2847=IFCEXTRUDEDAREASOLID(#2843,#2846,#2844,8.);
#2848=IFCCARTESIANPOINT((0.,12.,0.));
#2849=IFCAXIS2PLACEMENT3D(#2848,#4,#3);
#2850=IFCDIRECTION((0.,1.,0.));
#2851=IFCDIRECTION((0.,0.,-1.));
#2852=IFCAXIS2PLACEMENT3D(#2848,#2850,#2851);
#2853=IFCLOCALPLACEMENT(#47,#2852);
#2854=IFCSHAPEREPRESENTATION(#7,'Body','SweptSolid',(#2847));
#2855=IFCPRODUCTDEFINITIONSHAPE($,$,(#2854));
#2856=IFCBEAM('2O2Fr$t4X7swc$UQeBY0140000000',#17,'Beam BY401','Structural steel member','W16X26',#2853,#2855,'BY401');
#2857=IFCRELCONTAINEDINSPATIALSTRUCTURE('2O2Fr$t4X7swc$UQeRBY014',#17,$,$,(#2856),#48);
#2858=IFCRELASSOCIATESMATERIAL('2O2Fr$t4X7swc$UQeMBY014',#17,$,$,(#2856),#50);
#2859=IFCCARTESIANPOINT((-0.14999999999999999,-0.27500000000000002));
#2860=IFCCARTESIANPOINT((0.,0.));
#2861=IFCDIRECTION((1.,0.));
#2862=IFCAXIS2PLACEMENT2D(#2860,#2861);
#2863=IFCRECTANGLEPROFILEDEF(.AREA.,$,#2862,0.29999999999999999,0.55000000000000004);
#2864=IFCDIRECTION((0.,0.,1.));
#2865=IFCCARTESIANPOINT((0.,0.,0.));
#2866=IFCAXIS2PLACEMENT3D(#2865,#4,#2);
#2867=IFCEXTRUDEDAREASOLID(#2863,#2866,#2864,8.);
#2868=IFCCARTESIANPOINT((0.,20.,0.));
#2869=IFCAXIS2PLACEMENT3D(#2868,#4,#3);
#2870=IFCDIRECTION((0.,1.,0.));
#2871=IFCDIRECTION((0.,0.,-1.));
#2872=IFCAXIS2PLACEMENT3D(#2868,#2870,#2871);
#2873=IFCLOCALPLACEMENT(#47,#2872);
#2874=IFCSHAPEREPRESENTATION(#7,'Body','SweptSolid',(#2867));
#2875=IFCPRODUCTDEFINITIONSHAPE($,$,(#2874));
#2876=IFCBEAM('2O2Fr$t4X7swc$UQeBY0240000000',#17,'Beam BY402','Structural steel member','W16X26',#2873,#2875,'BY402');
#2877=IFCRELCONTAINEDINSPATIALSTRUCTURE('2O2Fr$t4X7swc$UQeRBY024',#17,$,$,(#2876),#48);
#2878=IFCRELASSOCIATESMATERIAL('2O2Fr$t4X7swc$UQeMBY024',#17,$,$,(#2876),#50);
#2879=IFCCARTESIANPOINT((-0.14999999999999999,-0.27500000000000002));
#2880=IFCCARTESIANPOINT((0.,0.));
#2881=IFCDIRECTION((1.,0.));
#2882=IFCAXIS2PLACEMENT2D(#2880,#2881);
#2883=IFCRECTANGLEPROFILEDEF(.AREA.,$,#2882,0.29999999999999999,0.55000000000000004);
#2884=IFCDIRECTION((0.,0.,1.));
#2885=IFCCARTESIANPOINT((0.,0.,0.));
#2886=IFCAXIS2PLACEMENT3D(#2885,#4,#2);
#2887=IFCEXTRUDEDAREASOLID(#2883,#2886,#2884,8.);
#2888=IFCCARTESIANPOINT((8.,4.,0.));
#2889=IFCAXIS2PLACEMENT3D(#2888,#4,#3);
#2890=IFCDIRECTION((0.,1.,0.));
#2891=IFCDIRECTION((0.,0.,-1.));
#2892=IFCAXIS2PLACEMENT3D(#2888,#2890,#2891);
#2893=IFCLOCALPLACEMENT(#47,#2892);
#2894=IFCSHAPEREPRESENTATION(#7,'Body','SweptSolid',(#2887));
#2895=IFCPRODUCTDEFINITIONSHAPE($,$,(#2894));
#2896=IFCBEAM('2O2Fr$t4X7swc$UQeBY1040000000',#17,'Beam BY410','Structural steel member','W16X26',#2893,#2895,'BY410');
#2897=IFCRELCONTAINEDINSPATIALSTRUCTURE('2O2Fr$t4X7swc$UQeRBY104',#17,$,$,(#2896),#48);
#2898=IFCRELASSOCIATESMATERIAL('2O2Fr$t4X7swc$UQeMBY104',#17,$,$,(#2896),#50);
#2899=IFCCARTESIANPOINT((-0.14999999999999999,-0.27500000000000002));
#2900=IFCCARTESIANPOINT((0.,0.));
#2901=IFCDIRECTION((1.,0.));
#2902=IFCAXIS2PLACEMENT2D(#2900,#2901);
#2903=IFCRECTANGLEPROFILEDEF(.AREA.,$,#2902,0.29999999999999999,0.55000000000000004);
#2904=IFCDIRECTION((0.,0.,1.));
#2905=IFCCARTESIANPOINT((0.,0.,0.));
#2906=IFCAXIS2PLACEMENT3D(#2905,#4,#2);
#2907=IFCEXTRUDEDAREASOLID(#2903,#2906,#2904,8.);
#2908=IFCCARTESIANPOINT((8.,12.,0.));
#2909=IFCAXIS2PLACEMENT3D(#2908,#4,#3);
#2910=IFCDIRECTION((0.,1.,0.));
#2911=IFCDIRECTION((0.,0.,-1.));
#2912=IFCAXIS2PLACEMENT3D(#2908,#2910,#2911);
#2913=IFCLOCALPLACEMENT(#47,#2912);
#2914=IFCSHAPEREPRESENTATION(#7,'Body','SweptSolid',(#2907));
#2915=IFCPRODUCTDEFINITIONSHAPE($,$,(#2914));
#2916=IFCBEAM('2O2Fr$t4X7swc$UQeBY1140000000',#17,'Beam BY411','Structural steel member','W16X26',#2913,#2915,'BY411');
#2917=IFCRELCONTAINEDINSPATIALSTRUCTURE('2O2Fr$t4X7swc$UQeRBY114',#17,$,$,(#2916),#48);
#2918=IFCRELASSOCIATESMATERIAL('2O2Fr$t4X7swc$UQeMBY114',#17,$,$,(#2916),#50);
#2919=IFCCARTESIANPOINT((-0.14999999999999999,-0.27500000000000002));
#2920=IFCCARTESIANPOINT((0.,0.));
#2921=IFCDIRECTION((1.,0.));
#2922=IFCAXIS2PLACEMENT2D(#2920,#2921);
#2923=IFCRECTANGLEPROFILEDEF(.AREA.,$,#2922,0.29999999999999999,0.55000000000000004);
#2924=IFCDIRECTION((0.,0.,1.));
#2925=IFCCARTESIANPOINT((0.,0.,0.));
#2926=IFCAXIS2PLACEMENT3D(#2925,#4,#2);
#2927=IFCEXTRUDEDAREASOLID(#2923,#2926,#2924,8.);
#2928=IFCCARTESIANPOINT((8.,20.,0.));
#2929=IFCAXIS2PLACEMENT3D(#2928,#4,#3);
#2930=IFCDIRECTION((0.,1.,0.));
#2931=IFCDIRECTION((0.,0.,-1.));
#2932=IFCAXIS2PLACEMENT3D(#2928,#2930,#2931);
#2933=IFCLOCALPLACEMENT(#47,#2932);
#2934=IFCSHAPEREPRESENTATION(#7,'Body','SweptSolid',(#2927));
#2935=IFCPRODUCTDEFINITIONSHAPE($,$,(#2934));
#2936=IFCBEAM('2O2Fr$t4X7swc$UQeBY1240000000',#17,'Beam BY412','Structural steel member','W16X26',#2933,#2935,'BY412');
#2937=IFCRELCONTAINEDINSPATIALSTRUCTURE('2O2Fr$t4X7swc$UQeRBY124',#17,$,$,(#2936),#48);
#2938=IFCRELASSOCIATESMATERIAL('2O2Fr$t4X7swc$UQeMBY124',#17,$,$,(#2936),#50);
#2939=IFCCARTESIANPOINT((-0.14999999999999999,-0.27500000000000002));
#2940=IFCCARTESIANPOINT((0.,0.));
#2941=IFCDIRECTION((1.,0.));
#2942=IFCAXIS2PLACEMENT2D(#2940,#2941);
#2943=IFCRECTANGLEPROFILEDEF(.AREA.,$,#2942,0.29999999999999999,0.55000000000000004);
#2944=IFCDIRECTION((0.,0.,1.));
#2945=IFCCARTESIANPOINT((0.,0.,0.));
#2946=IFCAXIS2PLACEMENT3D(#2945,#4,#2);
#2947=IFCEXTRUDEDAREASOLID(#2943,#2946,#2944,8.);
#2948=IFCCARTESIANPOINT((16.,4.,0.));
#2949=IFCAXIS2PLACEMENT3D(#2948,#4,#3);
#2950=IFCDIRECTION((0.,1.,0.));
#2951=IFCDIRECTION((0.,0.,-1.));
#2952=IFCAXIS2PLACEMENT3D(#2948,#2950,#2951);
#2953=IFCLOCALPLACEMENT(#47,#2952);
#2954=IFCSHAPEREPRESENTATION(#7,'Body','SweptSolid',(#2947));
#2955=IFCPRODUCTDEFINITIONSHAPE($,$,(#2954));
#2956=IFCBEAM('2O2Fr$t4X7swc$UQeBY2040000000',#17,'Beam BY420','Structural steel member','W16X26',#2953,#2955,'BY420');
#2957=IFCRELCONTAINEDINSPATIALSTRUCTURE('2O2Fr$t4X7swc$UQeRBY204',#17,$,$,(#2956),#48);
#2958=IFCRELASSOCIATESMATERIAL('2O2Fr$t4X7swc$UQeMBY204',#17,$,$,(#2956),#50);
#2959=IFCCARTESIANPOINT((-0.14999999999999999,-0.27500000000000002));
#2960=IFCCARTESIANPOINT((0.,0.));
#2961=IFCDIRECTION((1.,0.));
#2962=IFCAXIS2PLACEMENT2D(#2960,#2961);
#2963=IFCRECTANGLEPROFILEDEF(.AREA.,$,#2962,0.29999999999999999,0.55000000000000004);
#2964=IFCDIRECTION((0.,0.,1.));
#2965=IFCCARTESIANPOINT((0.,0.,0.));
#2966=IFCAXIS2PLACEMENT3D(#2965,#4,#2);
#2967=IFCEXTRUDEDAREASOLID(#2963,#2966,#2964,8.);
#2968=IFCCARTESIANPOINT((16.,12.,0.));
#2969=IFCAXIS2PLACEMENT3D(#2968,#4,#3);
#2970=IFCDIRECTION((0.,1.,0.));
#2971=IFCDIRECTION((0.,0.,-1.));
#2972=IFCAXIS2PLACEMENT3D(#2968,#2970,#2971);
#2973=IFCLOCALPLACEMENT(#47,#2972);
#2974=IFCSHAPEREPRESENTATION(#7,'Body','SweptSolid',(#2967));
#2975=IFCPRODUCTDEFINITIONSHAPE($,$,(#2974));
#2976=IFCBEAM('2O2Fr$t4X7swc$UQeBY2140000000',#17,'Beam BY421','Structural steel member','W16X26',#2973,#2975,'BY421');
#2977=IFCRELCONTAINEDINSPATIALSTRUCTURE('2O2Fr$t4X7swc$UQeRBY214',#17,$,$,(#2976),#48);
#2978=IFCRELASSOCIATESMATERIAL('2O2Fr$t4X7swc$UQeMBY214',#17,$,$,(#2976),#50);
#2979=IFCCARTESIANPOINT((-0.14999999999999999,-0.27500000000000002));
#2980=IFCCARTESIANPOINT((0.,0.));
#2981=IFCDIRECTION((1.,0.));
#2982=IFCAXIS2PLACEMENT2D(#2980,#2981);
#2983=IFCRECTANGLEPROFILEDEF(.AREA.,$,#2982,0.29999999999999999,0.55000000000000004);
#2984=IFCDIRECTION((0.,0.,1.));
#2985=IFCCARTESIANPOINT((0.,0.,0.));
#2986=IFCAXIS2PLACEMENT3D(#2985,#4,#2);
#2987=IFCEXTRUDEDAREASOLID(#2983,#2986,#2984,8.);
#2988=IFCCARTESIANPOINT((16.,20.,0.));
#2989=IFCAXIS2PLACEMENT3D(#2988,#4,#3);
#2990=IFCDIRECTION((0.,1.,0.));
#2991=IFCDIRECTION((0.,0.,-1.));
#2992=IFCAXIS2PLACEMENT3D(#2988,#2990,#2991);
#2993=IFCLOCALPLACEMENT(#47,#2992);
#2994=IFCSHAPEREPRESENTATION(#7,'Body','SweptSolid',(#2987));
#2995=IFCPRODUCTDEFINITIONSHAPE($,$,(#2994));
#2996=IFCBEAM('2O2Fr$t4X7swc$UQeBY2240000000',#17,'Beam BY422','Structural steel member','W16X26',#2993,#2995,'BY422');
#2997=IFCRELCONTAINEDINSPATIALSTRUCTURE('2O2Fr$t4X7swc$UQeRBY224',#17,$,$,(#2996),#48);
#2998=IFCRELASSOCIATESMATERIAL('2O2Fr$t4X7swc$UQeMBY224',#17,$,$,(#2996),#50);
#2999=IFCCARTESIANPOINT((-0.14999999999999999,-0.27500000000000002));
#3000=IFCCARTESIANPOINT((0.,0.));
#3001=IFCDIRECTION((1.,0.));
#3002=IFCAXIS2PLACEMENT2D(#3000,#3001);
#3003=IFCRECTANGLEPROFILEDEF(.AREA.,$,#3002,0.29999999999999999,0.55000000000000004);
#3004=IFCDIRECTION((0.,0.,1.));
#3005=IFCCARTESIANPOINT((0.,0.,0.));
#3006=IFCAXIS2PLACEMENT3D(#3005,#4,#2);
#3007=IFCEXTRUDEDAREASOLID(#3003,#3006,#3004,8.);
#3008=IFCCARTESIANPOINT((24.,4.,0.));
#3009=IFCAXIS2PLACEMENT3D(#3008,#4,#3);
#3010=IFCDIRECTION((0.,1.,0.));
#3011=IFCDIRECTION((0.,0.,-1.));
#3012=IFCAXIS2PLACEMENT3D(#3008,#3010,#3011);
#3013=IFCLOCALPLACEMENT(#47,#3012);
#3014=IFCSHAPEREPRESENTATION(#7,'Body','SweptSolid',(#3007));
#3015=IFCPRODUCTDEFINITIONSHAPE($,$,(#3014));
#3016=IFCBEAM('2O2Fr$t4X7swc$UQeBY3040000000',#17,'Beam BY430','Structural steel member','W16X26',#3013,#3015,'BY430');
#3017=IFCRELCONTAINEDINSPATIALSTRUCTURE('2O2Fr$t4X7swc$UQeRBY304',#17,$,$,(#3016),#48);
#3018=IFCRELASSOCIATESMATERIAL('2O2Fr$t4X7swc$UQeMBY304',#17,$,$,(#3016),#50);
#3019=IFCCARTESIANPOINT((-0.14999999999999999,-0.27500000000000002));
#3020=IFCCARTESIANPOINT((0.,0.));
#3021=IFCDIRECTION((1.,0.));
#3022=IFCAXIS2PLACEMENT2D(#3020,#3021);
#3023=IFCRECTANGLEPROFILEDEF(.AREA.,$,#3022,0.29999999999999999,0.55000000000000004);
#3024=IFCDIRECTION((0.,0.,1.));
#3025=IFCCARTESIANPOINT((0.,0.,0.));
#3026=IFCAXIS2PLACEMENT3D(#3025,#4,#2);
#3027=IFCEXTRUDEDAREASOLID(#3023,#3026,#3024,8.);
#3028=IFCCARTESIANPOINT((24.,12.,0.));
#3029=IFCAXIS2PLACEMENT3D(#3028,#4,#3);
#3030=IFCDIRECTION((0.,1.,0.));
#3031=IFCDIRECTION((0.,0.,-1.));
#3032=IFCAXIS2PLACEMENT3D(#3028,#3030,#3031);
#3033=IFCLOCALPLACEMENT(#47,#3032);
#3034=IFCSHAPEREPRESENTATION(#7,'Body','SweptSolid',(#3027));
#3035=IFCPRODUCTDEFINITIONSHAPE($,$,(#3034));
#3036=IFCBEAM('2O2Fr$t4X7swc$UQeBY3140000000',#17,'Beam BY431','Structural steel member','W16X26',#3033,#3035,'BY431');
#3037=IFCRELCONTAINEDINSPATIALSTRUCTURE('2O2Fr$t4X7swc$UQeRBY314',#17,$,$,(#3036),#48);
#3038=IFCRELASSOCIATESMATERIAL('2O2Fr$t4X7swc$UQeMBY314',#17,$,$,(#3036),#50);
#3039=IFCCARTESIANPOINT((-0.14999999999999999,-0.27500000000000002));
#3040=IFCCARTESIANPOINT((0.,0.));
#3041=IFCDIRECTION((1.,0.));
#3042=IFCAXIS2PLACEMENT2D(#3040,#3041);
#3043=IFCRECTANGLEPROFILEDEF(.AREA.,$,#3042,0.29999999999999999,0.55000000000000004);
#3044=IFCDIRECTION((0.,0.,1.));
#3045=IFCCARTESIANPOINT((0.,0.,0.));
#3046=IFCAXIS2PLACEMENT3D(#3045,#4,#2);
#3047=IFCEXTRUDEDAREASOLID(#3043,#3046,#3044,8.);
#3048=IFCCARTESIANPOINT((24.,20.,0.));
#3049=IFCAXIS2PLACEMENT3D(#3048,#4,#3);
#3050=IFCDIRECTION((0.,1.,0.));
#3051=IFCDIRECTION((0.,0.,-1.));
#3052=IFCAXIS2PLACEMENT3D(#3048,#3050,#3051);
#3053=IFCLOCALPLACEMENT(#47,#3052);
#3054=IFCSHAPEREPRESENTATION(#7,'Body','SweptSolid',(#3047));
#3055=IFCPRODUCTDEFINITIONSHAPE($,$,(#3054));
#3056=IFCBEAM('2O2Fr$t4X7swc$UQeBY3240000000',#17,'Beam BY432','Structural steel member','W16X26',#3053,#3055,'BY432');
#3057=IFCRELCONTAINEDINSPATIALSTRUCTURE('2O2Fr$t4X7swc$UQeRBY324',#17,$,$,(#3056),#48);
#3058=IFCRELASSOCIATESMATERIAL('2O2Fr$t4X7swc$UQeMBY324',#17,$,$,(#3056),#50);
#3059=IFCCARTESIANPOINT((-0.10000000000000001,-0.10000000000000001));
#3060=IFCCARTESIANPOINT((0.,0.));
#3061=IFCDIRECTION((1.,0.));
#3062=IFCAXIS2PLACEMENT2D(#3060,#3061);
#3063=IFCRECTANGLEPROFILEDEF(.AREA.,$,#3062,0.20000000000000001,0.20000000000000001);
#3064=IFCDIRECTION((0.,0.,1.));
#3065=IFCCARTESIANPOINT((0.,0.,0.));
#3066=IFCAXIS2PLACEMENT3D(#3065,#4,#2);
#3067=IFCEXTRUDEDAREASOLID(#3063,#3066,#3064,9.0355000000000008);
#3068=IFCCARTESIANPOINT((0.,0.,0.));
#3069=IFCDIRECTION((0.88539800000000002,0.,0.46483400000000002));
#3070=IFCDIRECTION((0.,1.,0.));
#3071=IFCAXIS2PLACEMENT3D(#3068,#3069,#3070);
#3072=IFCLOCALPLACEMENT(#35,#3071);
#3073=IFCSHAPEREPRESENTATION(#7,'Body','SweptSolid',(#3067));
#3074=IFCPRODUCTDEFINITIONSHAPE($,$,(#3073));
#3075=IFCMEMBER('2O2Fr$t4X7swc$UQeBR00000000',#17,'Brace BR-1','HSS brace','HSS6X6X3/8',#3072,#3074,'BR-1');
#3076=IFCRELCONTAINEDINSPATIALSTRUCTURE('2O2Fr$t4X7swc$UQeRBR0',#17,$,$,(#3075),#36);
#3077=IFCCARTESIANPOINT((-0.10000000000000001,-0.10000000000000001));
#3078=IFCCARTESIANPOINT((0.,0.));
#3079=IFCDIRECTION((1.,0.));
#3080=IFCAXIS2PLACEMENT2D(#3078,#3079);
#3081=IFCRECTANGLEPROFILEDEF(.AREA.,$,#3080,0.20000000000000001,0.20000000000000001);
#3082=IFCDIRECTION((0.,0.,1.));
#3083=IFCCARTESIANPOINT((0.,0.,0.));
#3084=IFCAXIS2PLACEMENT3D(#3083,#4,#2);
#3085=IFCEXTRUDEDAREASOLID(#3081,#3084,#3082,9.0355000000000008);
#3086=IFCCARTESIANPOINT((16.,0.,0.));
#3087=IFCDIRECTION((0.88539800000000002,0.,0.46483400000000002));
#3088=IFCDIRECTION((0.,1.,0.));
#3089=IFCAXIS2PLACEMENT3D(#3086,#3087,#3088);
#3090=IFCLOCALPLACEMENT(#35,#3089);
#3091=IFCSHAPEREPRESENTATION(#7,'Body','SweptSolid',(#3085));
#3092=IFCPRODUCTDEFINITIONSHAPE($,$,(#3091));
#3093=IFCMEMBER('2O2Fr$t4X7swc$UQeBR00010000',#17,'Brace BR-2','HSS brace','HSS6X6X3/8',#3090,#3092,'BR-2');
#3094=IFCRELCONTAINEDINSPATIALSTRUCTURE('2O2Fr$t4X7swc$UQeRBR1',#17,$,$,(#3093),#36);
#3095=IFCCARTESIANPOINT((-0.10000000000000001,-0.10000000000000001));
#3096=IFCCARTESIANPOINT((0.,0.));
#3097=IFCDIRECTION((1.,0.));
#3098=IFCAXIS2PLACEMENT2D(#3096,#3097);
#3099=IFCRECTANGLEPROFILEDEF(.AREA.,$,#3098,0.20000000000000001,0.20000000000000001);
#3100=IFCDIRECTION((0.,0.,1.));
#3101=IFCCARTESIANPOINT((0.,0.,0.));
#3102=IFCAXIS2PLACEMENT3D(#3101,#4,#2);
#3103=IFCEXTRUDEDAREASOLID(#3099,#3102,#3100,9.0355000000000008);
#3104=IFCCARTESIANPOINT((0.,8.,0.));
#3105=IFCDIRECTION((0.88539800000000002,0.,0.46483400000000002));
#3106=IFCDIRECTION((0.,1.,0.));
#3107=IFCAXIS2PLACEMENT3D(#3104,#3105,#3106);
#3108=IFCLOCALPLACEMENT(#35,#3107);
#3109=IFCSHAPEREPRESENTATION(#7,'Body','SweptSolid',(#3103));
#3110=IFCPRODUCTDEFINITIONSHAPE($,$,(#3109));
#3111=IFCMEMBER('2O2Fr$t4X7swc$UQeBR00020000',#17,'Brace BR-3','HSS brace','HSS6X6X3/8',#3108,#3110,'BR-3');
#3112=IFCRELCONTAINEDINSPATIALSTRUCTURE('2O2Fr$t4X7swc$UQeRBR2',#17,$,$,(#3111),#36);
#3113=IFCCARTESIANPOINT((-0.75,-0.75));
#3114=IFCCARTESIANPOINT((0.,0.));
#3115=IFCDIRECTION((1.,0.));
#3116=IFCAXIS2PLACEMENT2D(#3114,#3115);
#3117=IFCRECTANGLEPROFILEDEF(.AREA.,$,#3116,1.5,1.5);
#3118=IFCDIRECTION((0.,0.,1.));
#3119=IFCCARTESIANPOINT((0.,0.,0.));
#3120=IFCAXIS2PLACEMENT3D(#3119,#4,#2);
#3121=IFCEXTRUDEDAREASOLID(#3117,#3120,#3118,0.40000000000000002);
#3122=IFCCARTESIANPOINT((0.,0.,-0.20000000000000001));
#3123=IFCAXIS2PLACEMENT3D(#3122,#4,#2);
#3124=IFCLOCALPLACEMENT(#31,#3123);
#3125=IFCSHAPEREPRESENTATION(#7,'Body','SweptSolid',(#3121));
#3126=IFCPRODUCTDEFINITIONSHAPE($,$,(#3125));
#3127=IFCFOOTING('2O2Fr$t4X7swc$UQeFT0000000000',#17,'Footing AB-T1','Structural steel member','FOOTING_PAD_5X5',#3124,#3126,'AB-T1');
#3128=IFCRELCONTAINEDINSPATIALSTRUCTURE('2O2Fr$t4X7swc$UQeRFT00',#17,$,$,(#3127),#32);
#3129=IFCRELASSOCIATESMATERIAL('2O2Fr$t4X7swc$UQeMFT00',#17,$,$,(#3127),#50);
#3130=IFCCARTESIANPOINT((-0.75,-0.75));
#3131=IFCCARTESIANPOINT((0.,0.));
#3132=IFCDIRECTION((1.,0.));
#3133=IFCAXIS2PLACEMENT2D(#3131,#3132);
#3134=IFCRECTANGLEPROFILEDEF(.AREA.,$,#3133,1.5,1.5);
#3135=IFCDIRECTION((0.,0.,1.));
#3136=IFCCARTESIANPOINT((0.,0.,0.));
#3137=IFCAXIS2PLACEMENT3D(#3136,#4,#2);
#3138=IFCEXTRUDEDAREASOLID(#3134,#3137,#3135,0.40000000000000002);
#3139=IFCCARTESIANPOINT((0.,16.,-0.20000000000000001));
#3140=IFCAXIS2PLACEMENT3D(#3139,#4,#2);
#3141=IFCLOCALPLACEMENT(#31,#3140);
#3142=IFCSHAPEREPRESENTATION(#7,'Body','SweptSolid',(#3138));
#3143=IFCPRODUCTDEFINITIONSHAPE($,$,(#3142));
#3144=IFCFOOTING('2O2Fr$t4X7swc$UQeFT0200000000',#17,'Footing AB-T3','Structural steel member','FOOTING_PAD_5X5',#3141,#3143,'AB-T3');
#3145=IFCRELCONTAINEDINSPATIALSTRUCTURE('2O2Fr$t4X7swc$UQeRFT02',#17,$,$,(#3144),#32);
#3146=IFCRELASSOCIATESMATERIAL('2O2Fr$t4X7swc$UQeMFT02',#17,$,$,(#3144),#50);
#3147=IFCCARTESIANPOINT((-0.75,-0.75));
#3148=IFCCARTESIANPOINT((0.,0.));
#3149=IFCDIRECTION((1.,0.));
#3150=IFCAXIS2PLACEMENT2D(#3148,#3149);
#3151=IFCRECTANGLEPROFILEDEF(.AREA.,$,#3150,1.5,1.5);
#3152=IFCDIRECTION((0.,0.,1.));
#3153=IFCCARTESIANPOINT((0.,0.,0.));
#3154=IFCAXIS2PLACEMENT3D(#3153,#4,#2);
#3155=IFCEXTRUDEDAREASOLID(#3151,#3154,#3152,0.40000000000000002);
#3156=IFCCARTESIANPOINT((8.,8.,-0.20000000000000001));
#3157=IFCAXIS2PLACEMENT3D(#3156,#4,#2);
#3158=IFCLOCALPLACEMENT(#31,#3157);
#3159=IFCSHAPEREPRESENTATION(#7,'Body','SweptSolid',(#3155));
#3160=IFCPRODUCTDEFINITIONSHAPE($,$,(#3159));
#3161=IFCFOOTING('2O2Fr$t4X7swc$UQeFT1100000000',#17,'Footing AB-T1','Structural steel member','FOOTING_PAD_5X5',#3158,#3160,'AB-T1');
#3162=IFCRELCONTAINEDINSPATIALSTRUCTURE('2O2Fr$t4X7swc$UQeRFT11',#17,$,$,(#3161),#32);
#3163=IFCRELASSOCIATESMATERIAL('2O2Fr$t4X7swc$UQeMFT11',#17,$,$,(#3161),#50);
#3164=IFCCARTESIANPOINT((-0.75,-0.75));
#3165=IFCCARTESIANPOINT((0.,0.));
#3166=IFCDIRECTION((1.,0.));
#3167=IFCAXIS2PLACEMENT2D(#3165,#3166);
#3168=IFCRECTANGLEPROFILEDEF(.AREA.,$,#3167,1.5,1.5);
#3169=IFCDIRECTION((0.,0.,1.));
#3170=IFCCARTESIANPOINT((0.,0.,0.));
#3171=IFCAXIS2PLACEMENT3D(#3170,#4,#2);
#3172=IFCEXTRUDEDAREASOLID(#3168,#3171,#3169,0.40000000000000002);
#3173=IFCCARTESIANPOINT((8.,24.,-0.20000000000000001));
#3174=IFCAXIS2PLACEMENT3D(#3173,#4,#2);
#3175=IFCLOCALPLACEMENT(#31,#3174);
#3176=IFCSHAPEREPRESENTATION(#7,'Body','SweptSolid',(#3172));
#3177=IFCPRODUCTDEFINITIONSHAPE($,$,(#3176));
#3178=IFCFOOTING('2O2Fr$t4X7swc$UQeFT1300000000',#17,'Footing AB-13','Structural steel member','FOOTING_PAD_5X5',#3175,#3177,'AB-13');
#3179=IFCRELCONTAINEDINSPATIALSTRUCTURE('2O2Fr$t4X7swc$UQeRFT13',#17,$,$,(#3178),#32);
#3180=IFCRELASSOCIATESMATERIAL('2O2Fr$t4X7swc$UQeMFT13',#17,$,$,(#3178),#50);
#3181=IFCCARTESIANPOINT((-0.75,-0.75));
#3182=IFCCARTESIANPOINT((0.,0.));
#3183=IFCDIRECTION((1.,0.));
#3184=IFCAXIS2PLACEMENT2D(#3182,#3183);
#3185=IFCRECTANGLEPROFILEDEF(.AREA.,$,#3184,1.5,1.5);
#3186=IFCDIRECTION((0.,0.,1.));
#3187=IFCCARTESIANPOINT((0.,0.,0.));
#3188=IFCAXIS2PLACEMENT3D(#3187,#4,#2);
#3189=IFCEXTRUDEDAREASOLID(#3185,#3188,#3186,0.40000000000000002);
#3190=IFCCARTESIANPOINT((16.,0.,-0.20000000000000001));
#3191=IFCAXIS2PLACEMENT3D(#3190,#4,#2);
#3192=IFCLOCALPLACEMENT(#31,#3191);
#3193=IFCSHAPEREPRESENTATION(#7,'Body','SweptSolid',(#3189));
#3194=IFCPRODUCTDEFINITIONSHAPE($,$,(#3193));
#3195=IFCFOOTING('2O2Fr$t4X7swc$UQeFT2000000000',#17,'Footing AB-T2','Structural steel member','FOOTING_PAD_5X5',#3192,#3194,'AB-T2');
#3196=IFCRELCONTAINEDINSPATIALSTRUCTURE('2O2Fr$t4X7swc$UQeRFT20',#17,$,$,(#3195),#32);
#3197=IFCRELASSOCIATESMATERIAL('2O2Fr$t4X7swc$UQeMFT20',#17,$,$,(#3195),#50);
#3198=IFCCARTESIANPOINT((-0.75,-0.75));
#3199=IFCCARTESIANPOINT((0.,0.));
#3200=IFCDIRECTION((1.,0.));
#3201=IFCAXIS2PLACEMENT2D(#3199,#3200);
#3202=IFCRECTANGLEPROFILEDEF(.AREA.,$,#3201,1.5,1.5);
#3203=IFCDIRECTION((0.,0.,1.));
#3204=IFCCARTESIANPOINT((0.,0.,0.));
#3205=IFCAXIS2PLACEMENT3D(#3204,#4,#2);
#3206=IFCEXTRUDEDAREASOLID(#3202,#3205,#3203,0.40000000000000002);
#3207=IFCCARTESIANPOINT((16.,16.,-0.20000000000000001));
#3208=IFCAXIS2PLACEMENT3D(#3207,#4,#2);
#3209=IFCLOCALPLACEMENT(#31,#3208);
#3210=IFCSHAPEREPRESENTATION(#7,'Body','SweptSolid',(#3206));
#3211=IFCPRODUCTDEFINITIONSHAPE($,$,(#3210));
#3212=IFCFOOTING('2O2Fr$t4X7swc$UQeFT2200000000',#17,'Footing AB-22','Structural steel member','FOOTING_PAD_5X5',#3209,#3211,'AB-22');
#3213=IFCRELCONTAINEDINSPATIALSTRUCTURE('2O2Fr$t4X7swc$UQeRFT22',#17,$,$,(#3212),#32);
#3214=IFCRELASSOCIATESMATERIAL('2O2Fr$t4X7swc$UQeMFT22',#17,$,$,(#3212),#50);
#3215=IFCCARTESIANPOINT((-0.75,-0.75));
#3216=IFCCARTESIANPOINT((0.,0.));
#3217=IFCDIRECTION((1.,0.));
#3218=IFCAXIS2PLACEMENT2D(#3216,#3217);
#3219=IFCRECTANGLEPROFILEDEF(.AREA.,$,#3218,1.5,1.5);
#3220=IFCDIRECTION((0.,0.,1.));
#3221=IFCCARTESIANPOINT((0.,0.,0.));
#3222=IFCAXIS2PLACEMENT3D(#3221,#4,#2);
#3223=IFCEXTRUDEDAREASOLID(#3219,#3222,#3220,0.40000000000000002);
#3224=IFCCARTESIANPOINT((24.,8.,-0.20000000000000001));
#3225=IFCAXIS2PLACEMENT3D(#3224,#4,#2);
#3226=IFCLOCALPLACEMENT(#31,#3225);
#3227=IFCSHAPEREPRESENTATION(#7,'Body','SweptSolid',(#3223));
#3228=IFCPRODUCTDEFINITIONSHAPE($,$,(#3227));
#3229=IFCFOOTING('2O2Fr$t4X7swc$UQeFT3100000000',#17,'Footing AB-31','Structural steel member','FOOTING_PAD_5X5',#3226,#3228,'AB-31');
#3230=IFCRELCONTAINEDINSPATIALSTRUCTURE('2O2Fr$t4X7swc$UQeRFT31',#17,$,$,(#3229),#32);
#3231=IFCRELASSOCIATESMATERIAL('2O2Fr$t4X7swc$UQeMFT31',#17,$,$,(#3229),#50);
#3232=IFCCARTESIANPOINT((-0.75,-0.75));
#3233=IFCCARTESIANPOINT((0.,0.));
#3234=IFCDIRECTION((1.,0.));
#3235=IFCAXIS2PLACEMENT2D(#3233,#3234);
#3236=IFCRECTANGLEPROFILEDEF(.AREA.,$,#3235,1.5,1.5);
#3237=IFCDIRECTION((0.,0.,1.));
#3238=IFCCARTESIANPOINT((0.,0.,0.));
#3239=IFCAXIS2PLACEMENT3D(#3238,#4,#2);
#3240=IFCEXTRUDEDAREASOLID(#3236,#3239,#3237,0.40000000000000002);
#3241=IFCCARTESIANPOINT((24.,24.,-0.20000000000000001));
#3242=IFCAXIS2PLACEMENT3D(#3241,#4,#2);
#3243=IFCLOCALPLACEMENT(#31,#3242);
#3244=IFCSHAPEREPRESENTATION(#7,'Body','SweptSolid',(#3240));
#3245=IFCPRODUCTDEFINITIONSHAPE($,$,(#3244));
#3246=IFCFOOTING('2O2Fr$t4X7swc$UQeFT3300000000',#17,'Footing AB-33','Structural steel member','FOOTING_PAD_5X5',#3243,#3245,'AB-33');
#3247=IFCRELCONTAINEDINSPATIALSTRUCTURE('2O2Fr$t4X7swc$UQeRFT33',#17,$,$,(#3246),#32);
#3248=IFCRELASSOCIATESMATERIAL('2O2Fr$t4X7swc$UQeMFT33',#17,$,$,(#3246),#50);
#3249=IFCPROPERTYSINGLEVALUE('LoadBearing',$,IFCBOOLEAN(.T.),$);
#3250=IFCPROPERTYSET('3CsEHbFHzEKhn$K23mRaHg',#17,'Pset_ColumnCommon',$,(#3249));
#3251=IFCRELDEFINESBYPROPERTIES('2YtQclDNj7NgCpdTpQtd$_',#17,$,$,(#65),#3250);
#3252=IFCPROPERTYSINGLEVALUE('LoadBearing',$,IFCBOOLEAN(.T.),$);
#3253=IFCPROPERTYSET('1HTOYLppn1dfYiYH_4zyaG',#17,'Pset_ColumnCommon',$,(#3252));
#3254=IFCRELDEFINESBYPROPERTIES('1AOiwR6Rf5uw1uYhuiD_rn',#17,$,$,(#82),#3253);
#3255=IFCPROPERTYSINGLEVALUE('LoadBearing',$,IFCBOOLEAN(.T.),$);
#3256=IFCPROPERTYSET('3dmxK78q170B_1r0HsQJdp',#17,'Pset_ColumnCommon',$,(#3255));
#3257=IFCRELDEFINESBYPROPERTIES('1wZhCcC7XASgClj3bxk4fc',#17,$,$,(#99),#3256);
#3258=IFCPROPERTYSINGLEVALUE('LoadBearing',$,IFCBOOLEAN(.T.),$);
#3259=IFCPROPERTYSET('2MF6A59VP0RxD7ArTzv6ZC',#17,'Pset_ColumnCommon',$,(#3258));
#3260=IFCRELDEFINESBYPROPERTIES('1He9YTG8L2jRSZAgbRNSsG',#17,$,$,(#116),#3259);
#3261=IFCPROPERTYSINGLEVALUE('LoadBearing',$,IFCBOOLEAN(.T.),$);
#3262=IFCPROPERTYSET('2q774JhWj0xv_RT5Ni4k9y',#17,'Pset_ColumnCommon',$,(#3261));
#3263=IFCRELDEFINESBYPROPERTIES('0oH6hsyLL9BxUqElW2jv79',#17,$,$,(#133),#3262);
#3264=IFCPROPERTYSINGLEVALUE('LoadBearing',$,IFCBOOLEAN(.T.),$);
#3265=IFCPROPERTYSET('02oR8hP4fDrO4N_H930YVF',#17,'Pset_ColumnCommon',$,(#3264));
#3266=IFCRELDEFINESBYPROPERTIES('0iYrBcKJD65A3e$jA8Hodt',#17,$,$,(#150),#3265);
#3267=IFCPROPERTYSINGLEVALUE('LoadBearing',$,IFCBOOLEAN(.T.),$);
#3268=IFCPROPERTYSET('1q5joCA99209MDXldWXA4G',#17,'Pset_ColumnCommon',$,(#3267));
#3269=IFCRELDEFINESBYPROPERTIES('0dS5RU_316lh_oamm9XlRW',#17,$,$,(#167),#3268);
#3270=IFCPROPERTYSINGLEVALUE('LoadBearing',$,IFCBOOLEAN(.T.),$);
#3271=IFCPROPERTYSET('15oLZq5Zj37OEEBMZroOCa',#17,'Pset_ColumnCommon',$,(#3270));
#3272=IFCRELDEFINESBYPROPERTIES('1iN67CrGPA$9sK6rSoz0_n',#17,$,$,(#184),#3271);
#3273=IFCPROPERTYSINGLEVALUE('LoadBearing',$,IFCBOOLEAN(.T.),$);
#3274=IFCPROPERTYSET('0vqYizl4HBih3iPZAHiFGl',#17,'Pset_ColumnCommon',$,(#3273));
#3275=IFCRELDEFINESBYPROPERTIES('3gun6mJuf7lvOqpjGFFC3I',#17,$,$,(#201),#3274);
#3276=IFCPROPERTYSINGLEVALUE('LoadBearing',$,IFCBOOLEAN(.T.),$);
#3277=IFCPROPERTYSET('3d1i5IdJz2FOvqknyR4JiH',#17,'Pset_ColumnCommon',$,(#3276));
#3278=IFCRELDEFINESBYPROPERTIES('3O4HJkCUP41v1GzTPAv3BC',#17,$,$,(#218),#3277);
#3279=IFCPROPERTYSINGLEVALUE('LoadBearing',$,IFCBOOLEAN(.T.),$);
#3280=IFCPROPERTYSET('1GyhlFg9L90fi6A8pPJck2',#17,'Pset_ColumnCommon',$,(#3279));
#3281=IFCRELDEFINESBYPROPERTIES('0GuZqIE5DFVfISQuhdO1C_',#17,$,$,(#235),#3280);
#3282=IFCPROPERTYSINGLEVALUE('LoadBearing',$,IFCBOOLEAN(.T.),$);
#3283=IFCPROPERTYSET('1iPFQTRH5CMOno_c0LeUi3',#17,'Pset_ColumnCommon',$,(#3282));
#3284=IFCRELDEFINESBYPROPERTIES('11852jZUj8UvRitBwQo5__',#17,$,$,(#252),#3283);
#3285=IFCPROPERTYSINGLEVALUE('LoadBearing',$,IFCBOOLEAN(.T.),$);
#3286=IFCPROPERTYSET('0s8Xr72NDAPvjMnRXawOEG',#17,'Pset_ColumnCommon',$,(#3285));
#3287=IFCRELDEFINESBYPROPERTIES('2IZzPKRnX78Q0SMpnJUtqY',#17,$,$,(#269),#3286);
#3288=IFCPROPERTYSINGLEVALUE('LoadBearing',$,IFCBOOLEAN(.T.),$);
#3289=IFCPROPERTYSET('31CFGrDhb5iBa8ZDs_cVUC',#17,'Pset_ColumnCommon',$,(#3288));
#3290=IFCRELDEFINESBYPROPERTIES('3jKj387V9CsgtaaKzleSzY',#17,$,$,(#286),#3289);
#3291=IFCPROPERTYSINGLEVALUE('LoadBearing',$,IFCBOOLEAN(.T.),$);
#3292=IFCPROPERTYSET('1sij0WsBvDZgjSq9HyzgF4',#17,'Pset_ColumnCommon',$,(#3291));
#3293=IFCRELDEFINESBYPROPERTIES('1Io$$TY2n9HhQDnUIs6I6t',#17,$,$,(#303),#3292);
#3294=IFCPROPERTYSINGLEVALUE('LoadBearing',$,IFCBOOLEAN(.T.),$);
#3295=IFCPROPERTYSET('0UeEt4xAHCpRGAg2LrfBYH',#17,'Pset_ColumnCommon',$,(#3294));
#3296=IFCRELDEFINESBYPROPERTIES('3oF7ObGWj738tQu6qQc2rT',#17,$,$,(#320),#3295);
#3297=IFCPROPERTYSINGLEVALUE('LoadBearing',$,IFCBOOLEAN(.T.),$);
#3298=IFCPROPERTYSET('0l3h8QpPT51vGv_Uz9EFsW',#17,'Pset_ColumnCommon',$,(#3297));
#3299=IFCRELDEFINESBYPROPERTIES('3QEmmM$iT878lcus8DzxL0',#17,$,$,(#337),#3298);
#3300=IFCPROPERTYSINGLEVALUE('LoadBearing',$,IFCBOOLEAN(.T.),$);
#3301=IFCPROPERTYSET('3wXz$dXr134vp5eLtWeVLL',#17,'Pset_ColumnCommon',$,(#3300));
#3302=IFCRELDEFINESBYPROPERTIES('1iGgjGSB17VBnqKoOUvwu6',#17,$,$,(#354),#3301);
#3303=IFCPROPERTYSINGLEVALUE('LoadBearing',$,IFCBOOLEAN(.T.),$);
#3304=IFCPROPERTYSET('0ZS4aYv4PBm8urTlNz6NZS',#17,'Pset_ColumnCommon',$,(#3303));
#3305=IFCRELDEFINESBYPROPERTIES('0r31T3spr9tg$es0YK0eqC',#17,$,$,(#371),#3304);
#3306=IFCPROPERTYSINGLEVALUE('LoadBearing',$,IFCBOOLEAN(.T.),$);
#3307=IFCPROPERTYSET('3F_z8QIInEYfznotm$VhX8',#17,'Pset_ColumnCommon',$,(#3306));
#3308=IFCRELDEFINESBYPROPERTIES('3eLlxgpUT8MgesjfDFJKLZ',#17,$,$,(#388),#3307);
#3309=IFCPROPERTYSINGLEVALUE('LoadBearing',$,IFCBOOLEAN(.T.),$);
#3310=IFCPROPERTYSET('1vSul6$gz5gw2QE60WgjMf',#17,'Pset_ColumnCommon',$,(#3309));
#3311=IFCRELDEFINESBYPROPERTIES('06C0dWtqD2gvsZNhvHSWQD',#17,$,$,(#405),#3310);
#3312=IFCPROPERTYSINGLEVALUE('LoadBearing',$,IFCBOOLEAN(.T.),$);
#3313=IFCPROPERTYSET('0nnItRZz1EPAc_lSUP80mX',#17,'Pset_ColumnCommon',$,(#3312));
#3314=IFCRELDEFINESBYPROPERTIES('0al16LYfHA9huRU8sxqgik',#17,$,$,(#422),#3313);
#3315=IFCPROPERTYSINGLEVALUE('LoadBearing',$,IFCBOOLEAN(.T.),$);
#3316=IFCPROPERTYSET('3IzBtktx99POaDEakEwUHX',#17,'Pset_ColumnCommon',$,(#3315));
#3317=IFCRELDEFINESBYPROPERTIES('1mo6pns0L3q83U9$xoDZcm',#17,$,$,(#439),#3316);
#3318=IFCPROPERTYSINGLEVALUE('LoadBearing',$,IFCBOOLEAN(.T.),$);
#3319=IFCPROPERTYSET('1yxzCCtUT5NxG1bRvPE46H',#17,'Pset_ColumnCommon',$,(#3318));
#3320=IFCRELDEFINESBYPROPERTIES('2bJ9r8Ha10wwcq0FgWDta$',#17,$,$,(#456),#3319);
#3321=IFCPROPERTYSINGLEVALUE('LoadBearing',$,IFCBOOLEAN(.T.),$);
#3322=IFCPROPERTYSET('39O0151mr9shUYREv8k2Ih',#17,'Pset_ColumnCommon',$,(#3321));
#3323=IFCRELDEFINESBYPROPERTIES('1zHm5Ez$HDcvcuPV_KZzd5',#17,$,$,(#473),#3322);
#3324=IFCPROPERTYSINGLEVALUE('LoadBearing',$,IFCBOOLEAN(.T.),$);
#3325=IFCPROPERTYSET('0UcwzUsyv6og1Sp$MaJVt0',#17,'Pset_ColumnCommon',$,(#3324));
#3326=IFCRELDEFINESBYPROPERTIES('1dxgfBokv0fP57nLtbfhul',#17,$,$,(#490),#3325);
#3327=IFCPROPERTYSINGLEVALUE('LoadBearing',$,IFCBOOLEAN(.T.),$);
#3328=IFCPROPERTYSET('1fsfAsYvr0Cg61LeOO$35d',#17,'Pset_ColumnCommon',$,(#3327));
#3329=IFCRELDEFINESBYPROPERTIES('2AnxfsGnv9KQHBqcA0S5hQ',#17,$,$,(#507),#3328);
#3330=IFCPROPERTYSINGLEVALUE('LoadBearing',$,IFCBOOLEAN(.T.),$);
#3331=IFCPROPERTYSET('1f4JQxdi19n8T9CB_AUm9x',#17,'Pset_ColumnCommon',$,(#3330));
#3332=IFCRELDEFINESBYPROPERTIES('2gV7ppPKL0wf8P4$IDhOxe',#17,$,$,(#524),#3331);
#3333=IFCPROPERTYSINGLEVALUE('LoadBearing',$,IFCBOOLEAN(.T.),$);
#3334=IFCPROPERTYSET('3YT9qnd0P4bAn$XBM6tgDp',#17,'Pset_ColumnCommon',$,(#3333));
#3335=IFCRELDEFINESBYPROPERTIES('1HPUD6YPL1g8hJOFnhUqeJ',#17,$,$,(#541),#3334);
#3336=IFCPROPERTYSINGLEVALUE('LoadBearing',$,IFCBOOLEAN(.T.),$);
#3337=IFCPROPERTYSET('24PRNHzxfDuhkAfnvZP6Ie',#17,'Pset_ColumnCommon',$,(#3336));
#3338=IFCRELDEFINESBYPROPERTIES('3bd282wevBmu7be7K1Zhv3',#17,$,$,(#558),#3337);
#3339=IFCPROPERTYSINGLEVALUE('LoadBearing',$,IFCBOOLEAN(.T.),$);
#3340=IFCPROPERTYSET('1PTO4Zg6n2qRGGnpL$DKiV',#17,'Pset_ColumnCommon',$,(#3339));
#3341=IFCRELDEFINESBYPROPERTIES('0PntSwwQ9F6v1DMFy1FKKd',#17,$,$,(#575),#3340);
#3342=IFCPROPERTYSINGLEVALUE('LoadBearing',$,IFCBOOLEAN(.T.),$);
#3343=IFCPROPERTYSET('0PlMhMidrB$wkg0tWM8dk2',#17,'Pset_ColumnCommon',$,(#3342));
#3344=IFCRELDEFINESBYPROPERTIES('0PV05zCxzATOZ7$_uFeqdz',#17,$,$,(#592),#3343);
#3345=IFCPROPERTYSINGLEVALUE('LoadBearing',$,IFCBOOLEAN(.T.),$);
#3346=IFCPROPERTYSET('1HuUUEyp11wOZXroIbTTiu',#17,'Pset_ColumnCommon',$,(#3345));
#3347=IFCRELDEFINESBYPROPERTIES('1M6lXCmlb7_QbIElBeZ33Y',#17,$,$,(#609),#3346);
#3348=IFCPROPERTYSINGLEVALUE('LoadBearing',$,IFCBOOLEAN(.T.),$);
#3349=IFCPROPERTYSET('23clNIK912PgUU1713gXGI',#17,'Pset_ColumnCommon',$,(#3348));
#3350=IFCRELDEFINESBYPROPERTIES('1umeYmjuP35QrXnXDYtewP',#17,$,$,(#626),#3349);
#3351=IFCPROPERTYSINGLEVALUE('LoadBearing',$,IFCBOOLEAN(.T.),$);
#3352=IFCPROPERTYSET('1uze_TVkL9lxT2JXQz5fCQ',#17,'Pset_ColumnCommon',$,(#3351));
#3353=IFCRELDEFINESBYPROPERTIES('3eYjAwznL08uw$bCqWcNJb',#17,$,$,(#643),#3352);
#3354=IFCPROPERTYSINGLEVALUE('LoadBearing',$,IFCBOOLEAN(.T.),$);
#3355=IFCPROPERTYSET('3_dTV11o93JPNKYaJKxM95',#17,'Pset_ColumnCommon',$,(#3354));
#3356=IFCRELDEFINESBYPROPERTIES('0q3ywGCaH82fSSnzCt8aAh',#17,$,$,(#660),#3355);
#3357=IFCPROPERTYSINGLEVALUE('LoadBearing',$,IFCBOOLEAN(.T.),$);
#3358=IFCPROPERTYSET('0w_V4rABz73RdugWovxSmj',#17,'Pset_ColumnCommon',$,(#3357));
#3359=IFCRELDEFINESBYPROPERTIES('2z5hnlmLf5xBX0xYvw6O6P',#17,$,$,(#677),#3358);
#3360=IFCPROPERTYSINGLEVALUE('LoadBearing',$,IFCBOOLEAN(.T.),$);
#3361=IFCPROPERTYSET('2KJ3Im3Ab2l9gZj2z9UKqe',#17,'Pset_ColumnCommon',$,(#3360));
#3362=IFCRELDEFINESBYPROPERTIES('1cupV2OBj7m9wwTTb3nV3o',#17,$,$,(#694),#3361);
#3363=IFCPROPERTYSINGLEVALUE('LoadBearing',$,IFCBOOLEAN(.T.),$);
#3364=IFCPROPERTYSET('2SzjisP3f4AfFC7Ih_yvhb',#17,'Pset_ColumnCommon',$,(#3363));
#3365=IFCRELDEFINESBYPROPERTIES('16uaPOUkb4JwXsSko0Ki4V',#17,$,$,(#711),#3364);
#3366=IFCPROPERTYSINGLEVALUE('LoadBearing',$,IFCBOOLEAN(.T.),$);
#3367=IFCPROPERTYSET('20wcDD7erAxROp3vOwBl_r',#17,'Pset_ColumnCommon',$,(#3366));
#3368=IFCRELDEFINESBYPROPERTIES('0TG27ToBz5N8r85X0Y4zEH',#17,$,$,(#728),#3367);
#3369=IFCPROPERTYSINGLEVALUE('LoadBearing',$,IFCBOOLEAN(.T.),$);
#3370=IFCPROPERTYSET('1mdEVZhjzEpQIRqXOauyog',#17,'Pset_ColumnCommon',$,(#3369));
#3371=IFCRELDEFINESBYPROPERTIES('0VPqP5dvD9yBg0aHRZAyeW',#17,$,$,(#745),#3370);
#3372=IFCPROPERTYSINGLEVALUE('LoadBearing',$,IFCBOOLEAN(.T.),$);
#3373=IFCPROPERTYSET('0DqLZSxafC3OqX9gqA$OhR',#17,'Pset_ColumnCommon',$,(#3372));
#3374=IFCRELDEFINESBYPROPERTIES('1WqfwSmf96kPw7nLidp03s',#17,$,$,(#762),#3373);
#3375=IFCPROPERTYSINGLEVALUE('LoadBearing',$,IFCBOOLEAN(.T.),$);
#3376=IFCPROPERTYSET('1v6LTMeUf4EO16Zz3X6oN$',#17,'Pset_ColumnCommon',$,(#3375));
#3377=IFCRELDEFINESBYPROPERTIES('1yxqNW98vE09OrZYXYuamn',#17,$,$,(#779),#3376);
#3378=IFCPROPERTYSINGLEVALUE('LoadBearing',$,IFCBOOLEAN(.T.),$);
#3379=IFCPROPERTYSET('3cHWIBfsfDgxYCWt5dqB7b',#17,'Pset_ColumnCommon',$,(#3378));
#3380=IFCRELDEFINESBYPROPERTIES('1j61zCVEb2VO5Zatctf4Z_',#17,$,$,(#796),#3379);
#3381=IFCPROPERTYSINGLEVALUE('LoadBearing',$,IFCBOOLEAN(.T.),$);
#3382=IFCPROPERTYSET('0RblAHlab9ewj4HQvqRBcb',#17,'Pset_ColumnCommon',$,(#3381));
#3383=IFCRELDEFINESBYPROPERTIES('2XQSGMa8z8xxEQ625OIN3i',#17,$,$,(#813),#3382);
#3384=IFCPROPERTYSINGLEVALUE('LoadBearing',$,IFCBOOLEAN(.T.),$);
#3385=IFCPROPERTYSET('3a5rhw0m1DghRfZVlrFryr',#17,'Pset_ColumnCommon',$,(#3384));
#3386=IFCRELDEFINESBYPROPERTIES('1RKor8NiX0jAKIFWyX7tKa',#17,$,$,(#830),#3385);
#3387=IFCPROPERTYSINGLEVALUE('LoadBearing',$,IFCBOOLEAN(.T.),$);
#3388=IFCPROPERTYSET('1RJ6EDuOD9wOGOZ4FYjw2T',#17,'Pset_ColumnCommon',$,(#3387));
#3389=IFCRELDEFINESBYPROPERTIES('35udtp1O526uGkQG12454I',#17,$,$,(#847),#3388);
#3390=IFCPROPERTYSINGLEVALUE('LoadBearing',$,IFCBOOLEAN(.T.),$);
#3391=IFCPROPERTYSET('3HPR7hBPn4iBRO24onXIzK',#17,'Pset_ColumnCommon',$,(#3390));
#3392=IFCRELDEFINESBYPROPERTIES('009B0IdYX6vOFb8vH4Zi6h',#17,$,$,(#864),#3391);
#3393=IFCPROPERTYSINGLEVALUE('LoadBearing',$,IFCBOOLEAN(.T.),$);
#3394=IFCPROPERTYSET('0dw8BS0Rb0VRDDqWP6q$ea',#17,'Pset_ColumnCommon',$,(#3393));
#3395=IFCRELDEFINESBYPROPERTIES('0VuW8QmybFlw0rj0v4lQ_i',#17,$,$,(#881),#3394);
#3396=IFCPROPERTYSINGLEVALUE('LoadBearing',$,IFCBOOLEAN(.T.),$);
#3397=IFCPROPERTYSET('0eYGKPuk9D48B5VBwXBmtO',#17,'Pset_ColumnCommon',$,(#3396));
#3398=IFCRELDEFINESBYPROPERTIES('1r6ETRY8TEzwu30cgfv7$C',#17,$,$,(#898),#3397);
#3399=IFCPROPERTYSINGLEVALUE('LoadBearing',$,IFCBOOLEAN(.T.),$);
#3400=IFCPROPERTYSET('3UondNjT5EQu9MjKNCsc4E',#17,'Pset_ColumnCommon',$,(#3399));
#3401=IFCRELDEFINESBYPROPERTIES('1g7F3GnhTATOkcx46B0xtr',#17,$,$,(#915),#3400);
#3402=IFCPROPERTYSINGLEVALUE('LoadBearing',$,IFCBOOLEAN(.T.),$);
#3403=IFCPROPERTYSET('1bEr7MM$TA9fn6Bm3BhpNi',#17,'Pset_ColumnCommon',$,(#3402));
#3404=IFCRELDEFINESBYPROPERTIES('0sR2itIfH1sBNzdDEhVXxM',#17,$,$,(#932),#3403);
#3405=IFCPROPERTYSINGLEVALUE('LoadBearing',$,IFCBOOLEAN(.T.),$);
#3406=IFCPROPERTYSET('1IHcVFvHP8qB9jdzn$7sQJ',#17,'Pset_ColumnCommon',$,(#3405));
#3407=IFCRELDEFINESBYPROPERTIES('3y$yNkSUX5lues1K5mt9N$',#17,$,$,(#949),#3406);
#3408=IFCPROPERTYSINGLEVALUE('LoadBearing',$,IFCBOOLEAN(.T.),$);
#3409=IFCPROPERTYSET('2U9h16EnH53g1amHXzL79P',#17,'Pset_ColumnCommon',$,(#3408));
#3410=IFCRELDEFINESBYPROPERTIES('2VVrZMiM9AGPo9vGzpC2$B',#17,$,$,(#966),#3409);
#3411=IFCPROPERTYSINGLEVALUE('LoadBearing',$,IFCBOOLEAN(.T.),$);
#3412=IFCPROPERTYSET('0oTS0y$aH1Nx2L5I66oFGZ',#17,'Pset_ColumnCommon',$,(#3411));
#3413=IFCRELDEFINESBYPROPERTIES('0hw5SO6ILFUfOE09c27tOn',#17,$,$,(#983),#3412);
#3414=IFCPROPERTYSINGLEVALUE('LoadBearing',$,IFCBOOLEAN(.T.),$);
#3415=IFCPROPERTYSET('1lpEoIpF97Xwne4xBlGV8W',#17,'Pset_ColumnCommon',$,(#3414));
#3416=IFCRELDEFINESBYPROPERTIES('3Dvhcf6hX8yvXShzZwD8Ch',#17,$,$,(#1000),#3415);
#3417=IFCPROPERTYSINGLEVALUE('LoadBearing',$,IFCBOOLEAN(.T.),$);
#3418=IFCPROPERTYSET('1OdtfFTDrD8gs9GoAaI$LN',#17,'Pset_ColumnCommon',$,(#3417));
#3419=IFCRELDEFINESBYPROPERTIES('0rvRBH8grEAO1WHFj5WkOd',#17,$,$,(#1017),#3418);
#3420=IFCPROPERTYSINGLEVALUE('LoadBearing',$,IFCBOOLEAN(.T.),$);
#3421=IFCPROPERTYSET('0qXihGiOn5qP7cz36Vwi5J',#17,'Pset_ColumnCommon',$,(#3420));
#3422=IFCRELDEFINESBYPROPERTIES('1esoUPKkbFaglX$7miF$yK',#17,$,$,(#1034),#3421);
#3423=IFCPROPERTYSINGLEVALUE('LoadBearing',$,IFCBOOLEAN(.T.),$);
#3424=IFCPROPERTYSET('2vX$Ksj8H0kvQ83JRzj6iz',#17,'Pset_ColumnCommon',$,(#3423));
#3425=IFCRELDEFINESBYPROPERTIES('3WD6O5upP3CBD$XcR1JOCg',#17,$,$,(#1051),#3424);
#3426=IFCPROPERTYSINGLEVALUE('LoadBearing',$,IFCBOOLEAN(.T.),$);
#3427=IFCPROPERTYSET('3iI7ZZKML64eTsTa7XPk2o',#17,'Pset_ColumnCommon',$,(#3426));
#3428=IFCRELDEFINESBYPROPERTIES('2hjF7ktg18puHawa$VKA1M',#17,$,$,(#1068),#3427);
#3429=IFCPROPERTYSINGLEVALUE('LoadBearing',$,IFCBOOLEAN(.T.),$);
#3430=IFCPROPERTYSET('29TSyh8Nv7fexc0$z6HrFm',#17,'Pset_ColumnCommon',$,(#3429));
#3431=IFCRELDEFINESBYPROPERTIES('3CjOkYqS1978NRsBVfhUHm',#17,$,$,(#1085),#3430);
#3432=IFCPROPERTYSINGLEVALUE('LoadBearing',$,IFCBOOLEAN(.T.),$);
#3433=IFCPROPERTYSET('29HF60Hfj9tvgOXZ1e0yzl',#17,'Pset_ColumnCommon',$,(#3432));
#3434=IFCRELDEFINESBYPROPERTIES('355EOrOG1CmgVp_x8UAS9S',#17,$,$,(#1102),#3433);
#3435=IFCPROPERTYSINGLEVALUE('LoadBearing',$,IFCBOOLEAN(.T.),$);
#3436=IFCPROPERTYSET('0Q4u$BKKXEvgBvME0zMFxT',#17,'Pset_ColumnCommon',$,(#3435));
#3437=IFCRELDEFINESBYPROPERTIES('1R3HnkLnb2b9NQX1SCr1vn',#17,$,$,(#1119),#3436);
#3438=IFCPROPERTYSINGLEVALUE('LoadBearing',$,IFCBOOLEAN(.T.),$);
#3439=IFCPROPERTYSET('0I7xvuaGP3W8A$k5YyUfpV',#17,'Pset_ColumnCommon',$,(#3438));
#3440=IFCRELDEFINESBYPROPERTIES('15HNqu9M9BRfy5lc1moSZ3',#17,$,$,(#1136),#3439);
#3441=IFCPROPERTYSINGLEVALUE('LoadBearing',$,IFCBOOLEAN(.T.),$);
#3442=IFCPROPERTYSET('0gctSWpnb1PPytSYJFzYGS',#17,'Pset_BeamCommon',$,(#3441));
#3443=IFCRELDEFINESBYPROPERTIES('0cQ_55IWL6yQrnkqsQiPmX',#17,$,$,(#1156),#3442);
#3444=IFCPROPERTYSINGLEVALUE('LoadBearing',$,IFCBOOLEAN(.T.),$);
#3445=IFCPROPERTYSET('0Mypo_w4v2pQgechIe98ob',#17,'Pset_BeamCommon',$,(#3444));
#3446=IFCRELDEFINESBYPROPERTIES('0FFaVrHlHCigpPdBMOv96v',#17,$,$,(#1176),#3445);
#3447=IFCPROPERTYSINGLEVALUE('LoadBearing',$,IFCBOOLEAN(.T.),$);
#3448=IFCPROPERTYSET('35dsZgw5PA$RK9W7swpWKj',#17,'Pset_BeamCommon',$,(#3447));
#3449=IFCRELDEFINESBYPROPERTIES('3Azx95Ly52vAtew$29beyc',#17,$,$,(#1196),#3448);
#3450=IFCPROPERTYSINGLEVALUE('LoadBearing',$,IFCBOOLEAN(.T.),$);
#3451=IFCPROPERTYSET('2uiR$TiFz2A9lUAFQEOIv3',#17,'Pset_BeamCommon',$,(#3450));
#3452=IFCRELDEFINESBYPROPERTIES('2oVvl7SAD1OhJf_llizzmN',#17,$,$,(#1216),#3451);
#3453=IFCPROPERTYSINGLEVALUE('LoadBearing',$,IFCBOOLEAN(.T.),$);
#3454=IFCPROPERTYSET('3Urz2Do8P4ZOwGj4yEXm2L',#17,'Pset_BeamCommon',$,(#3453));
#3455=IFCRELDEFINESBYPROPERTIES('3W0mLXuJj288vpsUY$i7_B',#17,$,$,(#1236),#3454);
#3456=IFCPROPERTYSINGLEVALUE('LoadBearing',$,IFCBOOLEAN(.T.),$);
#3457=IFCPROPERTYSET('2a0DLH0yD6Rgsbdp5D4XVL',#17,'Pset_BeamCommon',$,(#3456));
#3458=IFCRELDEFINESBYPROPERTIES('3Zy5nIXbP9iOCLd3ZGHQcQ',#17,$,$,(#1256),#3457);
#3459=IFCPROPERTYSINGLEVALUE('LoadBearing',$,IFCBOOLEAN(.T.),$);
#3460=IFCPROPERTYSET('2XU9LaAyD0DvbK4H6TlWHD',#17,'Pset_BeamCommon',$,(#3459));
#3461=IFCRELDEFINESBYPROPERTIES('2Of$q3DUj5VPRSwMA3cuRT',#17,$,$,(#1276),#3460);
#3462=IFCPROPERTYSINGLEVALUE('LoadBearing',$,IFCBOOLEAN(.T.),$);
#3463=IFCPROPERTYSET('1OqG6QZojEr9ym3Xu8bC4Z',#17,'Pset_BeamCommon',$,(#3462));
#3464=IFCRELDEFINESBYPROPERTIES('1NEb1kCRr4OQEbmhcjBOLJ',#17,$,$,(#1296),#3463);
#3465=IFCPROPERTYSINGLEVALUE('LoadBearing',$,IFCBOOLEAN(.T.),$);
#3466=IFCPROPERTYSET('1i6lo61_95uu07XckO_81a',#17,'Pset_BeamCommon',$,(#3465));
#3467=IFCRELDEFINESBYPROPERTIES('1$llKtl61A4OoK2c6L2K3E',#17,$,$,(#1316),#3466);
#3468=IFCPROPERTYSINGLEVALUE('LoadBearing',$,IFCBOOLEAN(.T.),$);
#3469=IFCPROPERTYSET('14i900OyP0x8DjZArIcJwU',#17,'Pset_BeamCommon',$,(#3468));
#3470=IFCRELDEFINESBYPROPERTIES('2WVyVgeZT2XBQv315k9PVn',#17,$,$,(#1336),#3469);
#3471=IFCPROPERTYSINGLEVALUE('LoadBearing',$,IFCBOOLEAN(.T.),$);
#3472=IFCPROPERTYSET('2G7lidny5Dn9KoHUhBTOSm',#17,'Pset_BeamCommon',$,(#3471));
#3473=IFCRELDEFINESBYPROPERTIES('3lR8aeTRP6lBilZ7zR2l8_',#17,$,$,(#1356),#3472);
#3474=IFCPROPERTYSINGLEVALUE('LoadBearing',$,IFCBOOLEAN(.T.),$);
#3475=IFCPROPERTYSET('0GbzLTMgv3zhKUSwZFI0Nd',#17,'Pset_BeamCommon',$,(#3474));
#3476=IFCRELDEFINESBYPROPERTIES('0tGYY5g1r3euPydfCoXcpy',#17,$,$,(#1376),#3475);
#3477=IFCPROPERTYSINGLEVALUE('LoadBearing',$,IFCBOOLEAN(.T.),$);
#3478=IFCPROPERTYSET('2hG6JWLUf83BaQa$Dh723o',#17,'Pset_BeamCommon',$,(#3477));
#3479=IFCRELDEFINESBYPROPERTIES('0v6Yk7VXD5Uuy5u5UN3V3D',#17,$,$,(#1396),#3478);
#3480=IFCPROPERTYSINGLEVALUE('LoadBearing',$,IFCBOOLEAN(.T.),$);
#3481=IFCPROPERTYSET('3ADJo5n3bELOxmMWBCS8KV',#17,'Pset_BeamCommon',$,(#3480));
#3482=IFCRELDEFINESBYPROPERTIES('2eub0efRD40vS1eZjRz5aV',#17,$,$,(#1416),#3481);
#3483=IFCPROPERTYSINGLEVALUE('LoadBearing',$,IFCBOOLEAN(.T.),$);
#3484=IFCPROPERTYSET('0UA323mBbBgxaQixJGHXeT',#17,'Pset_BeamCommon',$,(#3483));
#3485=IFCRELDEFINESBYPROPERTIES('2iymBnXb5FZQ2TVV918Rom',#17,$,$,(#1436),#3484);
#3486=IFCPROPERTYSINGLEVALUE('LoadBearing',$,IFCBOOLEAN(.T.),$);
#3487=IFCPROPERTYSET('2_XhQB8mbBJOB5g_C82KqL',#17,'Pset_BeamCommon',$,(#3486));
#3488=IFCRELDEFINESBYPROPERTIES('00RKNt0cH54BKQK$XRBCnR',#17,$,$,(#1456),#3487);
#3489=IFCPROPERTYSINGLEVALUE('LoadBearing',$,IFCBOOLEAN(.T.),$);
#3490=IFCPROPERTYSET('2a5fUlf9X3nQ1OplZMEF3c',#17,'Pset_BeamCommon',$,(#3489));
#3491=IFCRELDEFINESBYPROPERTIES('3Xi0tSHU984glOfJNob21X',#17,$,$,(#1476),#3490);
#3492=IFCPROPERTYSINGLEVALUE('LoadBearing',$,IFCBOOLEAN(.T.),$);
#3493=IFCPROPERTYSET('1DotRJ1Zv0XfgXMKeyDGCg',#17,'Pset_BeamCommon',$,(#3492));
#3494=IFCRELDEFINESBYPROPERTIES('2sJ4PXnor1pPHjihcY2ZLP',#17,$,$,(#1496),#3493);
#3495=IFCPROPERTYSINGLEVALUE('LoadBearing',$,IFCBOOLEAN(.T.),$);
#3496=IFCPROPERTYSET('1R6rsFTSD4WgUD470prclh',#17,'Pset_BeamCommon',$,(#3495));
#3497=IFCRELDEFINESBYPROPERTIES('3ondGHwoX16g6sOQeEObbm',#17,$,$,(#1516),#3496);
#3498=IFCPROPERTYSINGLEVALUE('LoadBearing',$,IFCBOOLEAN(.T.),$);
#3499=IFCPROPERTYSET('3gPfyIPKTEyQVff89bNI8j',#17,'Pset_BeamCommon',$,(#3498));
#3500=IFCRELDEFINESBYPROPERTIES('2IQZWeMn56S8Uvn7qLtHrV',#17,$,$,(#1536),#3499);
#3501=IFCPROPERTYSINGLEVALUE('LoadBearing',$,IFCBOOLEAN(.T.),$);
#3502=IFCPROPERTYSET('3FnGYcbrnEzBUcC9bj4EMl',#17,'Pset_BeamCommon',$,(#3501));
#3503=IFCRELDEFINESBYPROPERTIES('2n$IWUK6P70AXIfMSWE1aD',#17,$,$,(#1556),#3502);
#3504=IFCPROPERTYSINGLEVALUE('LoadBearing',$,IFCBOOLEAN(.T.),$);
#3505=IFCPROPERTYSET('1wDUyrGnj7qOedBSbxjjux',#17,'Pset_BeamCommon',$,(#3504));
#3506=IFCRELDEFINESBYPROPERTIES('3Ol_ew9yj3hAQgt_9SIMel',#17,$,$,(#1576),#3505);
#3507=IFCPROPERTYSINGLEVALUE('LoadBearing',$,IFCBOOLEAN(.T.),$);
#3508=IFCPROPERTYSET('0XTPzV8Wb3UfGQInwCzkY4',#17,'Pset_BeamCommon',$,(#3507));
#3509=IFCRELDEFINESBYPROPERTIES('2rT$$W5JP9hgTbWozA5XGu',#17,$,$,(#1596),#3508);
#3510=IFCPROPERTYSINGLEVALUE('LoadBearing',$,IFCBOOLEAN(.T.),$);
#3511=IFCPROPERTYSET('2lZRDkIg97PAOm_BBEuGxs',#17,'Pset_BeamCommon',$,(#3510));
#3512=IFCRELDEFINESBYPROPERTIES('0nYCgTi4zA88ICMiGz_WY2',#17,$,$,(#1616),#3511);
#3513=IFCPROPERTYSINGLEVALUE('LoadBearing',$,IFCBOOLEAN(.T.),$);
#3514=IFCPROPERTYSET('0x$54JI6r1VQF2F7FItkX5',#17,'Pset_BeamCommon',$,(#3513));
#3515=IFCRELDEFINESBYPROPERTIES('2lFzAqGMvEzeN5QYWDO3yU',#17,$,$,(#1636),#3514);
#3516=IFCPROPERTYSINGLEVALUE('LoadBearing',$,IFCBOOLEAN(.T.),$);
#3517=IFCPROPERTYSET('2EbazrffD1AfwMKti1moEu',#17,'Pset_BeamCommon',$,(#3516));
#3518=IFCRELDEFINESBYPROPERTIES('16c58S_Fb7xfAvA6CgW8hw',#17,$,$,(#1656),#3517);
#3519=IFCPROPERTYSINGLEVALUE('LoadBearing',$,IFCBOOLEAN(.T.),$);
#3520=IFCPROPERTYSET('0_vqG0l0T1zuzag421qPyM',#17,'Pset_BeamCommon',$,(#3519));
#3521=IFCRELDEFINESBYPROPERTIES('3gqOsrVmz0E8TjLjdgEcxO',#17,$,$,(#1676),#3520);
#3522=IFCPROPERTYSINGLEVALUE('LoadBearing',$,IFCBOOLEAN(.T.),$);
#3523=IFCPROPERTYSET('2uOtqNZVX8avDGA2QZCJ$L',#17,'Pset_BeamCommon',$,(#3522));
#3524=IFCRELDEFINESBYPROPERTIES('3xMNQSi1PDN8htuCqYMGxx',#17,$,$,(#1696),#3523);
#3525=IFCPROPERTYSINGLEVALUE('LoadBearing',$,IFCBOOLEAN(.T.),$);
#3526=IFCPROPERTYSET('0rcWl0wJb74haeVBb2JQ64',#17,'Pset_BeamCommon',$,(#3525));
#3527=IFCRELDEFINESBYPROPERTIES('1jA6D9GxD7cPRzMuyLmtP1',#17,$,$,(#1716),#3526);
#3528=IFCPROPERTYSINGLEVALUE('LoadBearing',$,IFCBOOLEAN(.T.),$);
#3529=IFCPROPERTYSET('3$0yKDaCPFYhRgb1EtV$lp',#17,'Pset_BeamCommon',$,(#3528));
#3530=IFCRELDEFINESBYPROPERTIES('3IEYFpNtXAHv6D1OmrRd5K',#17,$,$,(#1736),#3529);
#3531=IFCPROPERTYSINGLEVALUE('LoadBearing',$,IFCBOOLEAN(.T.),$);
#3532=IFCPROPERTYSET('3VN$SX2x14i8N2DYJyg2ch',#17,'Pset_BeamCommon',$,(#3531));
#3533=IFCRELDEFINESBYPROPERTIES('2XPUR9kNL4RAINNsTTfPQY',#17,$,$,(#1756),#3532);
#3534=IFCPROPERTYSINGLEVALUE('LoadBearing',$,IFCBOOLEAN(.T.),$);
#3535=IFCPROPERTYSET('2zYsWe831A3fgxySX0SMWq',#17,'Pset_BeamCommon',$,(#3534));
#3536=IFCRELDEFINESBYPROPERTIES('3qswZX8H14D9DjLfHr0CKC',#17,$,$,(#1776),#3535);
#3537=IFCPROPERTYSINGLEVALUE('LoadBearing',$,IFCBOOLEAN(.T.),$);
#3538=IFCPROPERTYSET('35Iu9Irjb6i9wUX_iknv7B',#17,'Pset_BeamCommon',$,(#3537));
#3539=IFCRELDEFINESBYPROPERTIES('34GWi12wP2OR5nUC48WVJj',#17,$,$,(#1796),#3538);
#3540=IFCPROPERTYSINGLEVALUE('LoadBearing',$,IFCBOOLEAN(.T.),$);
#3541=IFCPROPERTYSET('2aiBwkprD07821V09OJtZs',#17,'Pset_BeamCommon',$,(#3540));
#3542=IFCRELDEFINESBYPROPERTIES('0OwYU2p2fAbQSosmVRY_3p',#17,$,$,(#1816),#3541);
#3543=IFCPROPERTYSINGLEVALUE('LoadBearing',$,IFCBOOLEAN(.T.),$);
#3544=IFCPROPERTYSET('1LbzYfgK91IhP_OgXqdVhx',#17,'Pset_BeamCommon',$,(#3543));
#3545=IFCRELDEFINESBYPROPERTIES('0PCEMC7wv3Dhd9vBQ$SwXJ',#17,$,$,(#1836),#3544);
#3546=IFCPROPERTYSINGLEVALUE('LoadBearing',$,IFCBOOLEAN(.T.),$);
#3547=IFCPROPERTYSET('2RfmaH8BfCIO9$8UfMWYw_',#17,'Pset_BeamCommon',$,(#3546));
#3548=IFCRELDEFINESBYPROPERTIES('3Ck_jCTrj3jRm0lY_pEg9m',#17,$,$,(#1856),#3547);
#3549=IFCPROPERTYSINGLEVALUE('LoadBearing',$,IFCBOOLEAN(.T.),$);
#3550=IFCPROPERTYSET('0BpaxbVhnBNfkZMsdUoJr$',#17,'Pset_BeamCommon',$,(#3549));
#3551=IFCRELDEFINESBYPROPERTIES('1gHIPCxuf7Zu2c1$jZHaSd',#17,$,$,(#1876),#3550);
#3552=IFCPROPERTYSINGLEVALUE('LoadBearing',$,IFCBOOLEAN(.T.),$);
#3553=IFCPROPERTYSET('3TutetEAL0yg5jKXE$GUa7',#17,'Pset_BeamCommon',$,(#3552));
#3554=IFCRELDEFINESBYPROPERTIES('3SLI4s8uT0NOTbjQXGUGm5',#17,$,$,(#1896),#3553);
#3555=IFCPROPERTYSINGLEVALUE('LoadBearing',$,IFCBOOLEAN(.T.),$);
#3556=IFCPROPERTYSET('3rPgksRMLA1gofEShWqvgy',#17,'Pset_BeamCommon',$,(#3555));
#3557=IFCRELDEFINESBYPROPERTIES('0pxNvoW9DDTfEaON4aBmrB',#17,$,$,(#1916),#3556);
#3558=IFCPROPERTYSINGLEVALUE('LoadBearing',$,IFCBOOLEAN(.T.),$);
#3559=IFCPROPERTYSET('26QOjr_uL1yRDRDJXcLJ4n',#17,'Pset_BeamCommon',$,(#3558));
#3560=IFCRELDEFINESBYPROPERTIES('1CeRrYCg9BYg6GbLxhFVLU',#17,$,$,(#1936),#3559);
#3561=IFCPROPERTYSINGLEVALUE('LoadBearing',$,IFCBOOLEAN(.T.),$);
#3562=IFCPROPERTYSET('3L$4$Od8947Ab_e$KP078L',#17,'Pset_BeamCommon',$,(#3561));
#3563=IFCRELDEFINESBYPROPERTIES('1g3ToXoD91a9HNSsrYgmE$',#17,$,$,(#1956),#3562);
#3564=IFCPROPERTYSINGLEVALUE('LoadBearing',$,IFCBOOLEAN(.T.),$);
#3565=IFCPROPERTYSET('0QlG_s$BTA0u0O0TnbujfB',#17,'Pset_BeamCommon',$,(#3564));
#3566=IFCRELDEFINESBYPROPERTIES('1cpztMqJzF8OdJS1ocAB$I',#17,$,$,(#1976),#3565);
#3567=IFCPROPERTYSINGLEVALUE('LoadBearing',$,IFCBOOLEAN(.T.),$);
#3568=IFCPROPERTYSET('1PcdctqM1FSgNbqWr9Y6r4',#17,'Pset_BeamCommon',$,(#3567));
#3569=IFCRELDEFINESBYPROPERTIES('06xZZWTc150ed3VRHF2URh',#17,$,$,(#1996),#3568);
#3570=IFCPROPERTYSINGLEVALUE('LoadBearing',$,IFCBOOLEAN(.T.),$);
#3571=IFCPROPERTYSET('3ONbGnv$z3FBnudCD32GjH',#17,'Pset_BeamCommon',$,(#3570));
#3572=IFCRELDEFINESBYPROPERTIES('0jlDxFfW12bgAF_m4YRqTW',#17,$,$,(#2016),#3571);
#3573=IFCPROPERTYSINGLEVALUE('LoadBearing',$,IFCBOOLEAN(.T.),$);
#3574=IFCPROPERTYSET('0SFyqXPTnDqQamjCGD6e4X',#17,'Pset_BeamCommon',$,(#3573));
#3575=IFCRELDEFINESBYPROPERTIES('2vWNjDqI17HxfJXacLTeZv',#17,$,$,(#2036),#3574);
#3576=IFCPROPERTYSINGLEVALUE('LoadBearing',$,IFCBOOLEAN(.T.),$);
#3577=IFCPROPERTYSET('3o8B7pr4b088tSXFz4E9vr',#17,'Pset_BeamCommon',$,(#3576));
#3578=IFCRELDEFINESBYPROPERTIES('2JhtDC5ULB6BuB1agi8$aj',#17,$,$,(#2056),#3577);
#3579=IFCPROPERTYSINGLEVALUE('LoadBearing',$,IFCBOOLEAN(.T.),$);
#3580=IFCPROPERTYSET('2jA8rZ2IH07vIz3F900hZU',#17,'Pset_BeamCommon',$,(#3579));
#3581=IFCRELDEFINESBYPROPERTIES('1tPdH5z9LFhBB9gPTP5ZyW',#17,$,$,(#2076),#3580);
#3582=IFCPROPERTYSINGLEVALUE('LoadBearing',$,IFCBOOLEAN(.T.),$);
#3583=IFCPROPERTYSET('3cbT5ZD_T9wuOaJjfKhtMa',#17,'Pset_BeamCommon',$,(#3582));
#3584=IFCRELDEFINESBYPROPERTIES('0jn9OBn2fFQR1wgKEWpo8U',#17,$,$,(#2096),#3583);
#3585=IFCPROPERTYSINGLEVALUE('LoadBearing',$,IFCBOOLEAN(.T.),$);
#3586=IFCPROPERTYSET('0Mf$wQGBv2cvxEvx490s78',#17,'Pset_BeamCommon',$,(#3585));
#3587=IFCRELDEFINESBYPROPERTIES('0YLz4HUYnBWOupJmn6p760',#17,$,$,(#2116),#3586);
#3588=IFCPROPERTYSINGLEVALUE('LoadBearing',$,IFCBOOLEAN(.T.),$);
#3589=IFCPROPERTYSET('1bQqehMTH3duf7x3Qe5xEz',#17,'Pset_BeamCommon',$,(#3588));
#3590=IFCRELDEFINESBYPROPERTIES('0joichYnP3yfVegcqn3$oJ',#17,$,$,(#2136),#3589);
#3591=IFCPROPERTYSINGLEVALUE('LoadBearing',$,IFCBOOLEAN(.T.),$);
#3592=IFCPROPERTYSET('1XHPmyaXX8ze9fk3DBfk89',#17,'Pset_BeamCommon',$,(#3591));
#3593=IFCRELDEFINESBYPROPERTIES('0fNqRWtW90w8Yz2ELeWKx0',#17,$,$,(#2156),#3592);
#3594=IFCPROPERTYSINGLEVALUE('LoadBearing',$,IFCBOOLEAN(.T.),$);
#3595=IFCPROPERTYSET('25gRaszhv80PWGy$6XDy36',#17,'Pset_BeamCommon',$,(#3594));
#3596=IFCRELDEFINESBYPROPERTIES('0qwDZpsK93lxnHuRsRuDyi',#17,$,$,(#2176),#3595);
#3597=IFCPROPERTYSINGLEVALUE('LoadBearing',$,IFCBOOLEAN(.T.),$);
#3598=IFCPROPERTYSET('2W3H2EHi1D_R$xH4uN1duH',#17,'Pset_BeamCommon',$,(#3597));
#3599=IFCRELDEFINESBYPROPERTIES('2NJO3OYqT8yf81gVn7pEi7',#17,$,$,(#2196),#3598);
#3600=IFCPROPERTYSINGLEVALUE('LoadBearing',$,IFCBOOLEAN(.T.),$);
#3601=IFCPROPERTYSET('3YKI$VvW9EBgz1ieeFcsxh',#17,'Pset_BeamCommon',$,(#3600));
#3602=IFCRELDEFINESBYPROPERTIES('1XYxo2VnnC6QjrcZWFvbXF',#17,$,$,(#2216),#3601);
#3603=IFCPROPERTYSINGLEVALUE('LoadBearing',$,IFCBOOLEAN(.T.),$);
#3604=IFCPROPERTYSET('39MDgwo0D2TxAM7B_h55FB',#17,'Pset_BeamCommon',$,(#3603));
#3605=IFCRELDEFINESBYPROPERTIES('3UCTJ5tObBxhUiw7EgLXc7',#17,$,$,(#2236),#3604);
#3606=IFCPROPERTYSINGLEVALUE('LoadBearing',$,IFCBOOLEAN(.T.),$);
#3607=IFCPROPERTYSET('3byO9CA9nEwwmjHMF1rWIu',#17,'Pset_BeamCommon',$,(#3606));
#3608=IFCRELDEFINESBYPROPERTIES('2OckVipqD11fGSJ8k8j3E9',#17,$,$,(#2256),#3607);
#3609=IFCPROPERTYSINGLEVALUE('LoadBearing',$,IFCBOOLEAN(.T.),$);
#3610=IFCPROPERTYSET('0fzALPOD57kA3Vlfj$$2LL',#17,'Pset_BeamCommon',$,(#3609));
#3611=IFCRELDEFINESBYPROPERTIES('3U$I2mZhX6nhMGOo8_9SOw',#17,$,$,(#2276),#3610);
#3612=IFCPROPERTYSINGLEVALUE('LoadBearing',$,IFCBOOLEAN(.T.),$);
#3613=IFCPROPERTYSET('1LUkjnN0v4GAt_ovmaeAh7',#17,'Pset_BeamCommon',$,(#3612));
#3614=IFCRELDEFINESBYPROPERTIES('1K3C5RvCbF0RSXIScqg$De',#17,$,$,(#2296),#3613);
#3615=IFCPROPERTYSINGLEVALUE('LoadBearing',$,IFCBOOLEAN(.T.),$);
#3616=IFCPROPERTYSET('2bfHX0bcD0DP$OCMt8mBcu',#17,'Pset_BeamCommon',$,(#3615));
#3617=IFCRELDEFINESBYPROPERTIES('1Tmr6fzIXEG8WxOmf2gKH5',#17,$,$,(#2316),#3616);
#3618=IFCPROPERTYSINGLEVALUE('LoadBearing',$,IFCBOOLEAN(.T.),$);
#3619=IFCPROPERTYSET('18BRGA6B9EweJMBdujRdEh',#17,'Pset_BeamCommon',$,(#3618));
#3620=IFCRELDEFINESBYPROPERTIES('13CRicm_XEXfuUgU72uMbm',#17,$,$,(#2336),#3619);
#3621=IFCPROPERTYSINGLEVALUE('LoadBearing',$,IFCBOOLEAN(.T.),$);
#3622=IFCPROPERTYSET('0IGFdn5zLELAGX$yWnReQx',#17,'Pset_BeamCommon',$,(#3621));
#3623=IFCRELDEFINESBYPROPERTIES('3QtxpeQwr7yhIRCReC4dtT',#17,$,$,(#2356),#3622);
#3624=IFCPROPERTYSINGLEVALUE('LoadBearing',$,IFCBOOLEAN(.T.),$);
#3625=IFCPROPERTYSET('1_QI$P3sbEs9IoeZ2sf5rd',#17,'Pset_BeamCommon',$,(#3624));
#3626=IFCRELDEFINESBYPROPERTIES('1jV1sRxS1BGxqZldGY_L37',#17,$,$,(#2376),#3625);
#3627=IFCPROPERTYSINGLEVALUE('LoadBearing',$,IFCBOOLEAN(.T.),$);
#3628=IFCPROPERTYSET('0mHG1S3cf0p8dug1FETmeG',#17,'Pset_BeamCommon',$,(#3627));
#3629=IFCRELDEFINESBYPROPERTIES('3UhUyWjznEZOyfdgxHGtXq',#17,$,$,(#2396),#3628);
#3630=IFCPROPERTYSINGLEVALUE('LoadBearing',$,IFCBOOLEAN(.T.),$);
#3631=IFCPROPERTYSET('1rXYGbwM544hsFTxPzP1EC',#17,'Pset_BeamCommon',$,(#3630));
#3632=IFCRELDEFINESBYPROPERTIES('1ixV7xUwT2hB3jYt$hqhKE',#17,$,$,(#2416),#3631);
#3633=IFCPROPERTYSINGLEVALUE('LoadBearing',$,IFCBOOLEAN(.T.),$);
#3634=IFCPROPERTYSET('0xCRlWYqXAVhGg3MCsqCVf',#17,'Pset_BeamCommon',$,(#3633));
#3635=IFCRELDEFINESBYPROPERTIES('1VMugr0QbDROb2IFOIls7A',#17,$,$,(#2436),#3634);
#3636=IFCPROPERTYSINGLEVALUE('LoadBearing',$,IFCBOOLEAN(.T.),$);
#3637=IFCPROPERTYSET('2qKoNWO2v0cRyMobXyZUVi',#17,'Pset_BeamCommon',$,(#3636));
#3638=IFCRELDEFINESBYPROPERTIES('0oHdXY88z6RAXylBrKqlNI',#17,$,$,(#2456),#3637);
#3639=IFCPROPERTYSINGLEVALUE('LoadBearing',$,IFCBOOLEAN(.T.),$);
#3640=IFCPROPERTYSET('0tGL5WQ0T82xX$aSf0EBS0',#17,'Pset_BeamCommon',$,(#3639));
#3641=IFCRELDEFINESBYPROPERTIES('2g3exN_rvAvwlbwDv3NoTA',#17,$,$,(#2476),#3640);
#3642=IFCPROPERTYSINGLEVALUE('LoadBearing',$,IFCBOOLEAN(.T.),$);
#3643=IFCPROPERTYSET('0$3VlyQqPC3RIkuFNlkuN4',#17,'Pset_BeamCommon',$,(#3642));
#3644=IFCRELDEFINESBYPROPERTIES('2J2KbceVP2686ADfHpb8Rj',#17,$,$,(#2496),#3643);
#3645=IFCPROPERTYSINGLEVALUE('LoadBearing',$,IFCBOOLEAN(.T.),$);
#3646=IFCPROPERTYSET('0yJLVQ0FvA39TexHA9INkH',#17,'Pset_BeamCommon',$,(#3645));
#3647=IFCRELDEFINESBYPROPERTIES('2_LFH6goH5EB7GjSJx7$bf',#17,$,$,(#2516),#3646);
#3648=IFCPROPERTYSINGLEVALUE('LoadBearing',$,IFCBOOLEAN(.T.),$);
#3649=IFCPROPERTYSET('3$TRLhIb19HQJEDHjbfKhf',#17,'Pset_BeamCommon',$,(#3648));
#3650=IFCRELDEFINESBYPROPERTIES('1CHW5Td9jECf5BbHydKPhF',#17,$,$,(#2536),#3649);
#3651=IFCPROPERTYSINGLEVALUE('LoadBearing',$,IFCBOOLEAN(.T.),$);
#3652=IFCPROPERTYSET('2zV2g7U49EOANGrOLNZof7',#17,'Pset_BeamCommon',$,(#3651));
#3653=IFCRELDEFINESBYPROPERTIES('1AATu_M2P4IwB5xigyyucM',#17,$,$,(#2556),#3652);
#3654=IFCPROPERTYSINGLEVALUE('LoadBearing',$,IFCBOOLEAN(.T.),$);
#3655=IFCPROPERTYSET('0jLsBt5WLFsAqn4ofyC2Vi',#17,'Pset_BeamCommon',$,(#3654));
#3656=IFCRELDEFINESBYPROPERTIES('0T44_sH51EXQHPh4WanTPN',#17,$,$,(#2576),#3655);
#3657=IFCPROPERTYSINGLEVALUE('LoadBearing',$,IFCBOOLEAN(.T.),$);
#3658=IFCPROPERTYSET('2RPPLTR393fOppsbEy3lsQ',#17,'Pset_BeamCommon',$,(#3657));
#3659=IFCRELDEFINESBYPROPERTIES('1ELu4_dKP3y9_JHCzefwrO',#17,$,$,(#2596),#3658);
#3660=IFCPROPERTYSINGLEVALUE('LoadBearing',$,IFCBOOLEAN(.T.),$);
#3661=IFCPROPERTYSET('0qMTpwIsX4i9AHbv9fHi_a',#17,'Pset_BeamCommon',$,(#3660));
#3662=IFCRELDEFINESBYPROPERTIES('1H3Oyhkmf4Pu1ZpK6SUuI3',#17,$,$,(#2616),#3661);
#3663=IFCPROPERTYSINGLEVALUE('LoadBearing',$,IFCBOOLEAN(.T.),$);
#3664=IFCPROPERTYSET('2x__Qk4hL1Kuyb1yGXQcwY',#17,'Pset_BeamCommon',$,(#3663));
#3665=IFCRELDEFINESBYPROPERTIES('1YXMPzhSL8Ph4yrysIkXlG',#17,$,$,(#2636),#3664);
#3666=IFCPROPERTYSINGLEVALUE('LoadBearing',$,IFCBOOLEAN(.T.),$);
#3667=IFCPROPERTYSET('2fjotRKAf0EfKv$vtcueUn',#17,'Pset_BeamCommon',$,(#3666));
#3668=IFCRELDEFINESBYPROPERTIES('0AmNfKTT9APgme7x2nxJ9V',#17,$,$,(#2656),#3667);
#3669=IFCPROPERTYSINGLEVALUE('LoadBearing',$,IFCBOOLEAN(.T.),$);
#3670=IFCPROPERTYSET('38tpzyjjb44wotJhqg_kAf',#17,'Pset_BeamCommon',$,(#3669));
#3671=IFCRELDEFINESBYPROPERTIES('1Kq3JtzTr1xxf$WBhOMC52',#17,$,$,(#2676),#3670);
#3672=IFCPROPERTYSINGLEVALUE('LoadBearing',$,IFCBOOLEAN(.T.),$);
#3673=IFCPROPERTYSET('011iR7rMX2nAjVDxCmR8R6',#17,'Pset_BeamCommon',$,(#3672));
#3674=IFCRELDEFINESBYPROPERTIES('1ZCXd3bVv3Oht_CVy41dQC',#17,$,$,(#2696),#3673);
#3675=IFCPROPERTYSINGLEVALUE('LoadBearing',$,IFCBOOLEAN(.T.),$);
#3676=IFCPROPERTYSET('2NHRymu0j0bvcaxK$xuYg$',#17,'Pset_BeamCommon',$,(#3675));
#3677=IFCRELDEFINESBYPROPERTIES('2Aek67jmr1ZgOP74lQ6JmQ',#17,$,$,(#2716),#3676);
#3678=IFCPROPERTYSINGLEVALUE('LoadBearing',$,IFCBOOLEAN(.T.),$);
#3679=IFCPROPERTYSET('1UXxF5jQz3GB89h$4Y7uVI',#17,'Pset_BeamCommon',$,(#3678));
#3680=IFCRELDEFINESBYPROPERTIES('1s__d9jkb4_9MBcAvAF6ls',#17,$,$,(#2736),#3679);
#3681=IFCPROPERTYSINGLEVALUE('LoadBearing',$,IFCBOOLEAN(.T.),$);
#3682=IFCPROPERTYSET('21SBTApV5DbPQQkTlMWQJ0',#17,'Pset_BeamCommon',$,(#3681));
#3683=IFCRELDEFINESBYPROPERTIES('2PoVtpYP9D2uYFiX2ppCxQ',#17,$,$,(#2756),#3682);
#3684=IFCPROPERTYSINGLEVALUE('LoadBearing',$,IFCBOOLEAN(.T.),$);
#3685=IFCPROPERTYSET('39Gd0d435BEBPT40SlzRbD',#17,'Pset_BeamCommon',$,(#3684));
#3686=IFCRELDEFINESBYPROPERTIES('1IW5TwJNX75gggpHn1w8Ms',#17,$,$,(#2776),#3685);
#3687=IFCPROPERTYSINGLEVALUE('LoadBearing',$,IFCBOOLEAN(.T.),$);
#3688=IFCPROPERTYSET('0z_cvlFf1D5Qa70jMUU9Ja',#17,'Pset_BeamCommon',$,(#3687));
#3689=IFCRELDEFINESBYPROPERTIES('087uuajNfE$B8MiM31HL25',#17,$,$,(#2796),#3688);
#3690=IFCPROPERTYSINGLEVALUE('LoadBearing',$,IFCBOOLEAN(.T.),$);
#3691=IFCPROPERTYSET('0nAVXrMn90SB_2Efwp0s6W',#17,'Pset_BeamCommon',$,(#3690));
#3692=IFCRELDEFINESBYPROPERTIES('2VmUOXQIHFAxRtHpnwBOr5',#17,$,$,(#2816),#3691);
#3693=IFCPROPERTYSINGLEVALUE('LoadBearing',$,IFCBOOLEAN(.T.),$);
#3694=IFCPROPERTYSET('3cmfm$yEj2ag2c3Uo$TYET',#17,'Pset_BeamCommon',$,(#3693));
#3695=IFCRELDEFINESBYPROPERTIES('17ncv1fwL6v8uzhIXSY7gf',#17,$,$,(#2836),#3694);
#3696=IFCPROPERTYSINGLEVALUE('LoadBearing',$,IFCBOOLEAN(.T.),$);
#3697=IFCPROPERTYSET('1cz8R8ehX709KQwS70HqNb',#17,'Pset_BeamCommon',$,(#3696));
#3698=IFCRELDEFINESBYPROPERTIES('3Td$F1zKTDvR9DeQM9n0Q0',#17,$,$,(#2856),#3697);
#3699=IFCPROPERTYSINGLEVALUE('LoadBearing',$,IFCBOOLEAN(.T.),$);
#3700=IFCPROPERTYSET('26lrfZ6rf6WO9ZP9Ttqb5K',#17,'Pset_BeamCommon',$,(#3699));
#3701=IFCRELDEFINESBYPROPERTIES('1syIXQO1X21Q4nOAFWzkPu',#17,$,$,(#2876),#3700);
#3702=IFCPROPERTYSINGLEVALUE('LoadBearing',$,IFCBOOLEAN(.T.),$);
#3703=IFCPROPERTYSET('0gsWmLhZP5qv378kE5JJay',#17,'Pset_BeamCommon',$,(#3702));
#3704=IFCRELDEFINESBYPROPERTIES('2qoxu$GwbCoxObHnBek0Jg',#17,$,$,(#2896),#3703);
#3705=IFCPROPERTYSINGLEVALUE('LoadBearing',$,IFCBOOLEAN(.T.),$);
#3706=IFCPROPERTYSET('2dbZ2SEBXF5fdbbIIeZYpj',#17,'Pset_BeamCommon',$,(#3705));
#3707=IFCRELDEFINESBYPROPERTIES('36QGGPyJv8mhL8hl3eaBE2',#17,$,$,(#2916),#3706);
#3708=IFCPROPERTYSINGLEVALUE('LoadBearing',$,IFCBOOLEAN(.T.),$);
#3709=IFCPROPERTYSET('3Wn4wobmH8W9hPpC0jRdk5',#17,'Pset_BeamCommon',$,(#3708));
#3710=IFCRELDEFINESBYPROPERTIES('1_L8kanrvDeg0cscqroUgn',#17,$,$,(#2936),#3709);
#3711=IFCPROPERTYSINGLEVALUE('LoadBearing',$,IFCBOOLEAN(.T.),$);
#3712=IFCPROPERTYSET('0jLgEsBP93ceNeEWs4H64E',#17,'Pset_BeamCommon',$,(#3711));
#3713=IFCRELDEFINESBYPROPERTIES('2MBnwOCh5EmOUGEL7SKhQh',#17,$,$,(#2956),#3712);
#3714=IFCPROPERTYSINGLEVALUE('LoadBearing',$,IFCBOOLEAN(.T.),$);
#3715=IFCPROPERTYSET('3U3KUohvf47uCBMuHj7D2M',#17,'Pset_BeamCommon',$,(#3714));
#3716=IFCRELDEFINESBYPROPERTIES('2tZdu3JLb8dv3bzyWS$TiV',#17,$,$,(#2976),#3715);
#3717=IFCPROPERTYSINGLEVALUE('LoadBearing',$,IFCBOOLEAN(.T.),$);
#3718=IFCPROPERTYSET('1F44OrWJXFmu$gadCjMAKU',#17,'Pset_BeamCommon',$,(#3717));
#3719=IFCRELDEFINESBYPROPERTIES('20$GXgEJ14_OjtaNbozdLu',#17,$,$,(#2996),#3718);
#3720=IFCPROPERTYSINGLEVALUE('LoadBearing',$,IFCBOOLEAN(.T.),$);
#3721=IFCPROPERTYSET('3xd6OPswPAzOGSS0LmzRxT',#17,'Pset_BeamCommon',$,(#3720));
#3722=IFCRELDEFINESBYPROPERTIES('0xg28kpS51BuWDknsak1al',#17,$,$,(#3016),#3721);
#3723=IFCPROPERTYSINGLEVALUE('LoadBearing',$,IFCBOOLEAN(.T.),$);
#3724=IFCPROPERTYSET('2PHBTyLOj66BL4tAmh6K7Q',#17,'Pset_BeamCommon',$,(#3723));
#3725=IFCRELDEFINESBYPROPERTIES('2NqSVinEL2EegqA1Rq8oxu',#17,$,$,(#3036),#3724);
#3726=IFCPROPERTYSINGLEVALUE('LoadBearing',$,IFCBOOLEAN(.T.),$);
#3727=IFCPROPERTYSET('1Gsye$GXr9UxYyjSqI0T_g',#17,'Pset_BeamCommon',$,(#3726));
#3728=IFCRELDEFINESBYPROPERTIES('3nsaO69Sz1WAsLItH_5UI8',#17,$,$,(#3056),#3727);
#3729=IFCRELASSOCIATESMATERIAL('1Ndhk3gwDCaecMURqFSyZn',#17,$,$,(#3075),#50);
#3730=IFCPROPERTYSINGLEVALUE('LoadBearing',$,IFCBOOLEAN(.T.),$);
#3731=IFCPROPERTYSET('2rbsP7Cq1Fag2LfjC3jpur',#17,'Pset_MemberCommon',$,(#3730));
#3732=IFCRELDEFINESBYPROPERTIES('0Pl0bTxKHDI8cE8lsNKH7h',#17,$,$,(#3075),#3731);
#3733=IFCRELASSOCIATESMATERIAL('0J1L4xmY16ehQVZrujqQbR',#17,$,$,(#3093),#50);
#3734=IFCPROPERTYSINGLEVALUE('LoadBearing',$,IFCBOOLEAN(.T.),$);
#3735=IFCPROPERTYSET('0QaQc6E7z5z9IGqk5OywmB',#17,'Pset_MemberCommon',$,(#3734));
#3736=IFCRELDEFINESBYPROPERTIES('26$bxo6Cb1yAVMynb4KEt5',#17,$,$,(#3093),#3735);
#3737=IFCRELASSOCIATESMATERIAL('0ORHFzpv94_g36VQfEoUc9',#17,$,$,(#3111),#50);
#3738=IFCPROPERTYSINGLEVALUE('LoadBearing',$,IFCBOOLEAN(.T.),$);
#3739=IFCPROPERTYSET('0HnXNq$nnFG9unh6pmlPE7',#17,'Pset_MemberCommon',$,(#3738));
#3740=IFCRELDEFINESBYPROPERTIES('1bZljsPv56jRqoW9tT_JIM',#17,$,$,(#3111),#3739);
#3741=IFCPROPERTYSINGLEVALUE('LoadBearing',$,IFCBOOLEAN(.T.),$);
#3742=IFCPROPERTYSET('1PeZmZVJT1axlqqNeH0Uq1',#17,'Pset_FootingCommon',$,(#3741));
#3743=IFCRELDEFINESBYPROPERTIES('0DIiD3vCL23PvZ5DrU3LNw',#17,$,$,(#3127),#3742);
#3744=IFCPROPERTYSINGLEVALUE('LoadBearing',$,IFCBOOLEAN(.T.),$);
#3745=IFCPROPERTYSET('2mhApOPgH6fwqAiPvaCECP',#17,'Pset_FootingCommon',$,(#3744));
#3746=IFCRELDEFINESBYPROPERTIES('19q5GSgQPCDQclAh_u$Fy3',#17,$,$,(#3144),#3745);
#3747=IFCPROPERTYSINGLEVALUE('LoadBearing',$,IFCBOOLEAN(.T.),$);
#3748=IFCPROPERTYSET('0If7xDYTP3Qv1Jzemks5Bt',#17,'Pset_FootingCommon',$,(#3747));
#3749=IFCRELDEFINESBYPROPERTIES('2K1OQvSSr18OqSG_blY3st',#17,$,$,(#3161),#3748);
#3750=IFCPROPERTYSINGLEVALUE('LoadBearing',$,IFCBOOLEAN(.T.),$);
#3751=IFCPROPERTYSET('0LvEZn2sn5O8Kv2s5HHmVG',#17,'Pset_FootingCommon',$,(#3750));
#3752=IFCRELDEFINESBYPROPERTIES('3ivsKjngf7quMrhdFx3bFH',#17,$,$,(#3178),#3751);
#3753=IFCPROPERTYSINGLEVALUE('LoadBearing',$,IFCBOOLEAN(.T.),$);
#3754=IFCPROPERTYSET('2VeSVNgLPBhP6Il13H9Btl',#17,'Pset_FootingCommon',$,(#3753));
#3755=IFCRELDEFINESBYPROPERTIES('3w364Ul0DDTQxgvF2B9yKc',#17,$,$,(#3195),#3754);
#3756=IFCPROPERTYSINGLEVALUE('LoadBearing',$,IFCBOOLEAN(.T.),$);
#3757=IFCPROPERTYSET('2mS0h073jE6h_nz135J83g',#17,'Pset_FootingCommon',$,(#3756));
#3758=IFCRELDEFINESBYPROPERTIES('2coTVK7irBExBmBWYPuKVf',#17,$,$,(#3212),#3757);
#3759=IFCPROPERTYSINGLEVALUE('LoadBearing',$,IFCBOOLEAN(.T.),$);
#3760=IFCPROPERTYSET('20uAPH1MTBIBurmuiOGGjE',#17,'Pset_FootingCommon',$,(#3759));
#3761=IFCRELDEFINESBYPROPERTIES('2AX5J2gWbAAQo_ywXYGQKE',#17,$,$,(#3229),#3760);
#3762=IFCPROPERTYSINGLEVALUE('LoadBearing',$,IFCBOOLEAN(.T.),$);
#3763=IFCPROPERTYSET('3n$TZO8Gn6NOGv1Rj9qssn',#17,'Pset_FootingCommon',$,(#3762));
#3764=IFCRELDEFINESBYPROPERTIES('2Y_Jpe8uX8egK4IeSHNr1O',#17,$,$,(#3246),#3763);
ENDSEC;
END-ISO-10303-21;
